event_id,participant_id,session_id,condition,disengagement_onset_ts,trigger_source,robot_nonverbal_start_ts,robot_nonverbal_type,robot_nonverbal_end_ts,distraction_end_ts,escalated_to_voice,voice_start_ts,voice_prompt_type,voice_prompt_text_length,highlight_shown,highlight_shown_ts,resumed_within_window,resume_latency_ms,resume_stage
1,wenfei,session_20260322_wenfei_3f7aed,with_system,2026-03-22T18:07:52.576141-04:00,gaze_off_screen,2026-03-22T18:07:52.576141-04:00,head_turn_plus_wave,,,1,2026-03-22T18:08:57.140485-04:00,generic,50,1,2026-03-22T18:08:57.140485-04:00,0,,not_resumed
2,wenfei,session_20260322_wenfei_760026,with_system,2026-03-22T17:45:26.367972-04:00,gaze_off_screen,2026-03-22T17:45:26.367972-04:00,head_turn_plus_wave,,,0,,,,0,,0,,not_resumed
3,wenfei,session_20260322_wenfei_b3196e,with_system,2026-03-22T19:49:25.382510-04:00,gaze_off_screen,2026-03-22T19:49:25.382510-04:00,head_turn_plus_wave,,2026-03-22T19:49:31.126326-04:00,0,,,,0,,1,5740.0,resumed_after_nonverbal
4,wenfei,session_20260322_wenfei_b3196e,with_system,2026-03-22T19:52:00.276760-04:00,gaze_off_screen,2026-03-22T19:52:00.276760-04:00,head_turn_plus_wave,,2026-03-22T19:52:07.627145-04:00,0,,,,0,,1,7350.0,resumed_after_nonverbal
5,wenfei,session_20260322_wenfei_b3fef7,with_system,2026-03-22T19:29:02.389057-04:00,gaze_off_screen,2026-03-22T19:29:02.389057-04:00,head_turn_plus_wave,,2026-03-22T19:29:15.368751-04:00,0,,,,0,,1,12980.0,resumed_after_nonverbal
6,wenfei,session_20260322_wenfei_b3fef7,with_system,2026-03-22T19:29:53.292280-04:00,gaze_off_screen,2026-03-22T19:29:53.292280-04:00,head_turn_plus_wave,,2026-03-22T19:30:00.412109-04:00,0,,,,0,,1,7120.0,resumed_after_nonverbal
7,wenfei,session_20260322_wenfei_b3fef7,with_system,2026-03-22T19:30:28.784215-04:00,gaze_off_screen,2026-03-22T19:30:28.784215-04:00,head_turn_plus_wave,,2026-03-22T19:30:36.151673-04:00,0,,,,0,,1,7370.0,resumed_after_nonverbal
8,wenfei,session_20260322_wenfei_b3fef7,with_system,2026-03-22T19:31:33.957237-04:00,gaze_off_screen,2026-03-22T19:31:33.957237-04:00,head_turn_plus_wave,,2026-03-22T19:32:26.538801-04:00,0,,,,0,,1,52580.0,resumed_after_nonverbal
9,wenfei,session_20260322_wenfei_b3fef7,with_system,2026-03-22T19:32:55.358044-04:00,gaze_off_screen,2026-03-22T19:32:55.358044-04:00,head_turn_plus_wave,,2026-03-22T19:33:57.567845-04:00,1,2026-03-22T19:33:58.357618-04:00,generic,50,1,2026-03-22T19:33:58.357618-04:00,0,62210.0,not_resumed
10,wenfei,session_20260322_wenfei_b3fef7,with_system,2026-03-22T19:34:59.858382-04:00,gaze_off_screen,2026-03-22T19:34:59.858382-04:00,head_turn_plus_wave,,2026-03-22T19:35:06.587101-04:00,0,,,,0,,1,6730.0,resumed_after_nonverbal
11,wenfei,session_20260322_wenfei_c6ceac,with_system,2026-03-22T19:46:34.270402-04:00,gaze_off_screen,2026-03-22T19:46:34.270402-04:00,head_turn_plus_wave,,2026-03-22T19:46:42.784172-04:00,0,,,,0,,1,8510.0,resumed_after_nonverbal
12,wenfei,session_20260322_wenfei_c6ceac,with_system,2026-03-22T19:47:16.690716-04:00,gaze_off_screen,2026-03-22T19:47:16.690716-04:00,head_turn_plus_wave,,2026-03-22T19:47:24.059375-04:00,0,,,,0,,1,7370.0,resumed_after_nonverbal
13,wenfei,session_20260331_wenfei_436cef,with_system,2026-03-31T20:32:12.679536-04:00,gaze_off_screen,2026-03-31T20:32:12.679536-04:00,head_turn_plus_wave,,2026-03-31T20:32:35.179859-04:00,0,,,,0,,1,22500.0,resumed_after_nonverbal
14,wenfei,session_20260331_wenfei_436cef,with_system,2026-03-31T20:37:17.182287-04:00,gaze_off_screen,2026-03-31T20:37:17.182287-04:00,head_turn_plus_wave,,2026-03-31T20:38:17.921195-04:00,1,2026-03-31T20:38:18.506389-04:00,generic,50,1,2026-03-31T20:38:18.506389-04:00,0,60740.0,not_resumed
15,wenfei,session_20260331_wenfei_66131d,with_system,2026-03-31T18:55:16.564977-04:00,gaze_off_screen,2026-03-31T18:55:16.564977-04:00,head_turn_plus_wave,,2026-03-31T18:55:18.826200-04:00,0,,,,0,,1,2260.0,resumed_after_nonverbal
16,wenfei,session_20260331_wenfei_66131d,with_system,2026-03-31T18:57:46.463262-04:00,gaze_off_screen,2026-03-31T18:57:46.463262-04:00,head_turn_plus_wave,,2026-03-31T18:57:56.775407-04:00,0,,,,0,,1,10310.0,resumed_after_nonverbal
17,wenfei,session_20260331_wenfei_d1f561,with_system,2026-03-31T19:21:03.971945-04:00,gaze_off_screen,2026-03-31T19:21:03.971945-04:00,head_turn_plus_wave,,2026-03-31T19:21:21.581111-04:00,0,,,,0,,1,17610.0,resumed_after_nonverbal
18,wenfei,session_20260331_wenfei_d1f561,with_system,2026-03-31T19:22:52.175296-04:00,gaze_off_screen,2026-03-31T19:22:52.175296-04:00,head_turn_plus_wave,,2026-03-31T19:22:59.278666-04:00,0,,,,0,,1,7100.0,resumed_after_nonverbal
19,wenfei,session_20260331_wenfei_d6a809,with_system,2026-03-31T19:30:22.827546-04:00,gaze_off_screen,2026-03-31T19:30:22.827546-04:00,head_turn_plus_wave,,2026-03-31T19:30:33.905899-04:00,0,,,,0,,1,11080.0,resumed_after_nonverbal
20,wenfei,session_20260331_wenfei_d6a809,with_system,2026-03-31T19:31:05.539825-04:00,gaze_off_screen,2026-03-31T19:31:05.539825-04:00,head_turn_plus_wave,,2026-03-31T19:31:10.617692-04:00,0,,,,0,,1,5080.0,resumed_after_nonverbal
21,wenfei,session_20260331_wenfei_d6a809,with_system,2026-03-31T19:31:14.862057-04:00,gaze_off_screen,2026-03-31T19:31:14.862057-04:00,head_turn_plus_wave,,2026-03-31T19:31:22.450554-04:00,0,,,,0,,1,7590.0,resumed_after_nonverbal
22,wenfei,session_20260331_wenfei_d6a809,with_system,2026-03-31T19:31:44.043971-04:00,gaze_off_screen,2026-03-31T19:31:44.043971-04:00,head_turn_plus_wave,,,0,,,,0,,0,,not_resumed
23,wenfei,session_20260331_wenfei_dc54f7,with_system,2026-03-31T18:49:44.009804-04:00,gaze_off_screen,2026-03-31T18:49:44.009804-04:00,head_turn_plus_wave,,2026-03-31T18:49:53.095633-04:00,0,,,,0,,1,9090.0,resumed_after_nonverbal
24,wenfei,session_20260331_wenfei_dc54f7,with_system,2026-03-31T18:50:52.591124-04:00,gaze_off_screen,2026-03-31T18:50:52.591124-04:00,head_turn_plus_wave,,2026-03-31T18:50:59.833158-04:00,0,,,,0,,1,7240.0,resumed_after_nonverbal
25,wenfei,session_20260331_wenfei_e9c29c,with_system,2026-03-31T18:27:01.006161-04:00,gaze_off_screen,2026-03-31T18:27:01.006161-04:00,head_turn_plus_wave,,2026-03-31T18:27:24.900266-04:00,0,,,,0,,1,23890.0,resumed_after_nonverbal
26,wenfei,session_20260401_wenfei_07d380,with_system,2026-04-01T13:12:21.201801-04:00,gaze_off_screen,2026-04-01T13:12:21.201801-04:00,head_turn_plus_wave,,2026-04-01T13:12:45.094343-04:00,0,,,,0,,1,23890.0,resumed_after_nonverbal
27,wenfei,session_20260401_wenfei_1809ac,with_system,2026-04-01T09:31:05.526747-04:00,gaze_off_screen,2026-04-01T09:31:05.526747-04:00,head_turn_plus_wave,,2026-04-01T09:31:30.832612-04:00,0,,,,0,,1,25310.0,resumed_after_nonverbal
28,wenfei,session_20260401_wenfei_1809ac,with_system,2026-04-01T09:32:02.750202-04:00,gaze_off_screen,2026-04-01T09:32:02.750202-04:00,head_turn_plus_wave,,2026-04-01T09:33:05.503615-04:00,1,2026-04-01T09:33:06.125803-04:00,generic,50,1,2026-04-01T09:33:06.125803-04:00,0,62750.0,not_resumed
29,wenfei,session_20260401_wenfei_314cc1,with_system,2026-04-01T09:20:51.296145-04:00,gaze_off_screen,2026-04-01T09:20:51.296145-04:00,head_turn_plus_wave,,2026-04-01T09:20:56.278359-04:00,0,,,,0,,1,4980.0,resumed_after_nonverbal
30,wenfei,session_20260401_wenfei_314cc1,with_system,2026-04-01T09:20:57.558721-04:00,gaze_off_screen,2026-04-01T09:20:57.558721-04:00,head_turn_plus_wave,,2026-04-01T09:21:02.595788-04:00,0,,,,0,,1,5040.0,resumed_after_nonverbal
31,wenfei,session_20260401_wenfei_314cc1,with_system,2026-04-01T09:21:05.217925-04:00,gaze_off_screen,2026-04-01T09:21:05.217925-04:00,head_turn_plus_wave,,2026-04-01T09:21:25.493552-04:00,0,,,,0,,1,20280.0,resumed_after_nonverbal
32,wenfei,session_20260401_wenfei_314cc1,with_system,2026-04-01T09:22:33.621428-04:00,gaze_off_screen,2026-04-01T09:22:33.621428-04:00,head_turn_plus_wave,,2026-04-01T09:22:43.859297-04:00,0,,,,0,,1,10240.0,resumed_after_nonverbal
33,wenfei,session_20260401_wenfei_314cc1,with_system,2026-04-01T09:23:12.741419-04:00,gaze_off_screen,2026-04-01T09:23:12.741419-04:00,head_turn_plus_wave,,2026-04-01T09:24:13.053614-04:00,1,2026-04-01T09:24:13.435187-04:00,generic,50,1,2026-04-01T09:24:13.435187-04:00,0,60310.0,not_resumed
34,wenfei,session_20260401_wenfei_43c941,with_system,2026-04-01T13:43:34.934631-04:00,gaze_off_screen,2026-04-01T13:43:34.934631-04:00,head_turn_plus_wave,,2026-04-01T13:43:49.250817-04:00,0,,,,0,,1,14320.0,resumed_after_nonverbal
35,wenfei,session_20260401_wenfei_43c941,with_system,2026-04-01T13:44:34.370743-04:00,gaze_off_screen,2026-04-01T13:44:34.370743-04:00,head_turn_plus_wave,,2026-04-01T13:45:35.020486-04:00,1,2026-04-01T13:45:35.457276-04:00,generic,50,1,2026-04-01T13:45:35.457276-04:00,0,60650.0,not_resumed
36,wenfei,session_20260401_wenfei_5002f2,with_system,2026-04-01T10:00:15.558210-04:00,gaze_off_screen,2026-04-01T10:00:15.558210-04:00,head_turn_plus_wave,,2026-04-01T10:00:22.138304-04:00,0,,,,0,,1,6580.0,resumed_after_nonverbal
37,wenfei,session_20260401_wenfei_5002f2,with_system,2026-04-01T10:00:32.992786-04:00,gaze_off_screen,2026-04-01T10:00:32.992786-04:00,head_turn_plus_wave,,2026-04-01T10:00:35.484037-04:00,0,,,,0,,1,2490.0,resumed_after_nonverbal
38,wenfei,session_20260401_wenfei_654bff,with_system,2026-04-01T09:46:01.784657-04:00,gaze_off_screen,2026-04-01T09:46:01.784657-04:00,head_turn_plus_wave,,2026-04-01T09:46:10.684614-04:00,0,,,,0,,1,8900.0,resumed_after_nonverbal
39,wenfei,session_20260401_wenfei_851a9b,with_system,2026-04-01T13:36:25.656791-04:00,gaze_off_screen,2026-04-01T13:36:25.656791-04:00,head_turn_plus_wave,,2026-04-01T13:36:45.417585-04:00,0,,,,0,,1,19760.0,resumed_after_nonverbal
40,wenfei,session_20260401_wenfei_851a9b,with_system,2026-04-01T13:37:27.626750-04:00,gaze_off_screen,2026-04-01T13:37:27.626750-04:00,head_turn_plus_wave,,2026-04-01T13:38:30.754963-04:00,1,2026-04-01T13:38:30.989620-04:00,generic,50,1,2026-04-01T13:38:30.989620-04:00,0,63130.0,not_resumed
41,wenfei,session_20260401_wenfei_bae9dd,with_system,2026-04-01T09:25:55.699543-04:00,gaze_off_screen,2026-04-01T09:25:55.699543-04:00,head_turn_plus_wave,,2026-04-01T09:26:05.790286-04:00,0,,,,0,,1,10090.0,resumed_after_nonverbal
42,wenfei,session_20260401_wenfei_bae9dd,with_system,2026-04-01T09:26:44.101814-04:00,gaze_off_screen,2026-04-01T09:26:44.101814-04:00,head_turn_plus_wave,,2026-04-01T09:27:00.688166-04:00,0,,,,0,,1,16590.0,resumed_after_nonverbal
43,wenfei,session_20260401_wenfei_f2368a,with_system,2026-04-01T13:15:22.933462-04:00,gaze_off_screen,2026-04-01T13:15:22.933462-04:00,head_turn_plus_wave,,2026-04-01T13:16:10.964569-04:00,0,,,,0,,1,48030.0,resumed_after_nonverbal
44,wenfei,session_20260401_wenfei_f2368a,with_system,2026-04-01T13:16:45.194760-04:00,gaze_off_screen,2026-04-01T13:16:45.194760-04:00,head_turn_plus_wave,,2026-04-01T13:17:47.669304-04:00,1,2026-04-01T13:17:48.388029-04:00,generic,50,1,2026-04-01T13:17:48.388029-04:00,0,62470.0,not_resumed
45,wenwenfei,session_20260401_wenwenfei_e6b803,with_system,2026-04-01T13:40:56.282130-04:00,gaze_off_screen,2026-04-01T13:40:56.282130-04:00,head_turn_plus_wave,,,0,,,,0,,0,,not_resumed
46,wenfei,session_20260402_wenfei_00d90d,with_system,2026-04-02T18:34:23.313264-04:00,gaze_off_screen,2026-04-02T18:34:23.313264-04:00,head_turn_plus_wave,,2026-04-02T18:34:47.008687-04:00,0,,,,0,,1,23700.0,resumed_after_nonverbal
47,wenfei,session_20260402_wenfei_00d90d,with_system,2026-04-02T18:37:11.392824-04:00,gaze_off_screen,2026-04-02T18:37:11.392824-04:00,head_turn_plus_wave,,2026-04-02T18:37:29.886228-04:00,0,,,,0,,1,18490.0,resumed_after_nonverbal
48,wenfei,session_20260402_wenfei_00d90d,with_system,2026-04-02T18:39:20.140566-04:00,gaze_off_screen,2026-04-02T18:39:20.140566-04:00,head_turn_plus_wave,,2026-04-02T18:39:56.697744-04:00,0,,,,0,,1,36560.0,resumed_after_nonverbal
49,wenfei,session_20260402_wenfei_586b8c,with_system,2026-04-02T18:26:07.501338-04:00,gaze_off_screen,2026-04-02T18:26:07.501338-04:00,head_turn_plus_wave,,2026-04-02T18:26:28.232498-04:00,0,,,,0,,1,20730.0,resumed_after_nonverbal
50,wenfei,session_20260402_wenfei_586b8c,with_system,2026-04-02T18:26:53.836998-04:00,gaze_off_screen,2026-04-02T18:26:53.836998-04:00,head_turn_plus_wave,,2026-04-02T18:27:57.260477-04:00,1,2026-04-02T18:27:58.530268-04:00,context_aware,85,1,2026-04-02T18:27:58.530268-04:00,0,63420.0,not_resumed
51,wenfei,session_20260402_wenfei_95a682,with_system,2026-04-02T18:19:10.984464-04:00,gaze_off_screen,2026-04-02T18:19:10.984464-04:00,head_turn_plus_wave,,2026-04-02T18:20:14.057939-04:00,1,2026-04-02T18:20:15.606931-04:00,context_aware,68,1,2026-04-02T18:20:15.606931-04:00,0,63070.0,not_resumed
52,wenfei,session_20260402_wenfei_95a682,with_system,2026-04-02T18:21:28.936135-04:00,gaze_off_screen,2026-04-02T18:21:28.936135-04:00,head_turn_plus_wave,,2026-04-02T18:21:36.439059-04:00,0,,,,0,,1,7500.0,resumed_after_nonverbal
53,wenfei,session_20260402_wenfei_95a682,with_system,2026-04-02T18:21:39.676451-04:00,gaze_off_screen,2026-04-02T18:21:39.676451-04:00,head_turn_plus_wave,,2026-04-02T18:21:51.077737-04:00,0,,,,0,,1,11400.0,resumed_after_nonverbal
54,wenfei,session_20260402_wenfei_95a682,with_system,2026-04-02T18:22:00.994418-04:00,gaze_off_screen,2026-04-02T18:22:00.994418-04:00,head_turn_plus_wave,,,0,,,,0,,0,,not_resumed
55,haya,session_20260404_haya_2afba5,with_system,2026-04-04T23:16:18.025876-04:00,gaze_off_screen,2026-04-04T23:16:18.025876-04:00,head_turn_plus_wave,,2026-04-04T23:16:25.495056-04:00,1,2026-04-04T23:17:43.511863-04:00,context_aware,79,1,2026-04-04T23:17:43.511863-04:00,1,7470.0,resumed_after_voice
56,haya,session_20260404_haya_2afba5,with_system,2026-04-04T23:17:59.814944-04:00,gaze_off_screen,2026-04-04T23:17:59.814944-04:00,head_turn_plus_wave,,2026-04-04T23:18:46.959813-04:00,1,2026-04-04T23:18:47.780589-04:00,context_aware,79,1,2026-04-04T23:18:47.780589-04:00,0,47140.0,not_resumed
57,haya,session_20260404_haya_6d8862,with_system,2026-04-04T23:28:08.598506-04:00,gaze_off_screen,2026-04-04T23:28:08.598506-04:00,head_turn_plus_wave,,2026-04-04T23:28:14.717084-04:00,1,2026-04-04T23:29:53.829695-04:00,context_aware,71,1,2026-04-04T23:29:53.829695-04:00,1,6120.0,resumed_after_voice
58,haya,session_20260404_haya_7ee2a3,with_system,2026-04-04T23:20:17.228462-04:00,gaze_off_screen,2026-04-04T23:20:17.228462-04:00,head_turn_plus_wave,,2026-04-04T23:20:34.585551-04:00,1,2026-04-04T23:21:51.853732-04:00,context_aware,75,1,2026-04-04T23:21:51.853732-04:00,1,17360.0,resumed_after_voice
59,wenfei,session_20260404_wenfei_409e9e,with_system,2026-04-04T20:21:19.026836-04:00,gaze_off_screen,2026-04-04T20:21:19.026836-04:00,head_turn_plus_wave,,2026-04-04T20:21:25.030802-04:00,0,,,,0,,1,6000.0,resumed_after_nonverbal
60,wenfei,session_20260404_wenfei_409e9e,with_system,2026-04-04T20:22:38.883788-04:00,gaze_off_screen,2026-04-04T20:22:38.883788-04:00,head_turn_plus_wave,,2026-04-04T20:22:50.633426-04:00,0,,,,0,,1,11750.0,resumed_after_nonverbal
61,wenfei,session_20260404_wenfei_409e9e,with_system,2026-04-04T20:23:21.276531-04:00,gaze_off_screen,2026-04-04T20:23:21.276531-04:00,head_turn_plus_wave,,2026-04-04T20:23:41.467844-04:00,1,2026-04-04T20:24:45.919506-04:00,generic,60,1,2026-04-04T20:24:45.919506-04:00,1,20190.0,resumed_after_voice
62,wenfei,session_20260404_wenfei_409e9e,with_system,2026-04-04T20:25:28.418927-04:00,gaze_off_screen,2026-04-04T20:25:28.418927-04:00,head_turn_plus_wave,,2026-04-04T20:25:38.184588-04:00,0,,,,0,,1,9770.0,resumed_after_nonverbal
63,wenfei,session_20260404_wenfei_409e9e,with_system,2026-04-04T20:26:11.970805-04:00,gaze_off_screen,2026-04-04T20:26:11.970805-04:00,head_turn_plus_wave,,2026-04-04T20:26:17.432580-04:00,1,2026-04-04T20:27:21.836482-04:00,generic,60,1,2026-04-04T20:27:21.836482-04:00,1,5460.0,resumed_after_voice
64,wenfei,session_20260404_wenfei_409e9e,with_system,2026-04-04T20:28:46.454905-04:00,gaze_off_screen,2026-04-04T20:28:46.454905-04:00,head_turn_plus_wave,,2026-04-04T20:28:52.806027-04:00,1,2026-04-04T20:29:57.592393-04:00,generic,60,1,2026-04-04T20:29:57.592393-04:00,1,6350.0,resumed_after_voice
65,wenfei,session_20260404_wenfei_409e9e,with_system,2026-04-04T20:32:01.534639-04:00,gaze_off_screen,2026-04-04T20:32:01.534639-04:00,head_turn_plus_wave,,2026-04-04T20:32:09.759686-04:00,1,2026-04-04T20:33:15.090739-04:00,generic,60,1,2026-04-04T20:33:15.090739-04:00,1,8230.0,resumed_after_voice
66,wenfei,session_20260404_wenfei_409e9e,with_system,2026-04-04T20:33:43.201319-04:00,gaze_off_screen,2026-04-04T20:33:43.201319-04:00,head_turn_plus_wave,,2026-04-04T20:33:49.985273-04:00,0,,,,0,,1,6780.0,resumed_after_nonverbal
67,wenfei,session_20260404_wenfei_409e9e,with_system,2026-04-04T20:34:19.436036-04:00,gaze_off_screen,2026-04-04T20:34:19.436036-04:00,head_turn_plus_wave,,2026-04-04T20:34:25.194368-04:00,1,2026-04-04T20:35:29.931952-04:00,generic,60,1,2026-04-04T20:35:29.931952-04:00,1,5760.0,resumed_after_voice
68,wenfei,session_20260404_wenfei_409e9e,with_system,2026-04-04T20:35:44.897904-04:00,gaze_off_screen,2026-04-04T20:35:44.897904-04:00,head_turn_plus_wave,,2026-04-04T20:35:53.447119-04:00,1,2026-04-04T20:36:57.735450-04:00,generic,60,1,2026-04-04T20:36:57.735450-04:00,1,8550.0,resumed_after_voice
69,wenfei,session_20260404_wenfei_409e9e,with_system,2026-04-04T20:38:57.783793-04:00,gaze_off_screen,2026-04-04T20:38:57.783793-04:00,head_turn_plus_wave,,2026-04-04T20:39:10.033352-04:00,0,,,,0,,1,12250.0,resumed_after_nonverbal
70,wenfei,session_20260404_wenfei_409e9e,with_system,2026-04-04T20:40:17.698864-04:00,gaze_off_screen,2026-04-04T20:40:17.698864-04:00,head_turn_plus_wave,,2026-04-04T20:40:22.825350-04:00,1,2026-04-04T20:41:28.492530-04:00,generic,60,1,2026-04-04T20:41:28.492530-04:00,1,5130.0,resumed_after_voice
71,wenfei,session_20260404_wenfei_409e9e,with_system,2026-04-04T20:42:02.396095-04:00,gaze_off_screen,2026-04-04T20:42:02.396095-04:00,head_turn_plus_wave,,2026-04-04T20:42:07.472249-04:00,1,2026-04-04T20:43:11.910485-04:00,generic,60,1,2026-04-04T20:43:11.910485-04:00,1,5080.0,resumed_after_voice
72,wenfei,session_20260404_wenfei_409e9e,with_system,2026-04-04T20:43:53.942816-04:00,gaze_off_screen,2026-04-04T20:43:53.942816-04:00,head_turn_plus_wave,,2026-04-04T20:43:59.426667-04:00,0,,,,0,,1,5480.0,resumed_after_nonverbal
73,wenfei,session_20260404_wenfei_409e9e,with_system,2026-04-04T20:44:02.839839-04:00,gaze_off_screen,2026-04-04T20:44:02.839839-04:00,head_turn_plus_wave,,2026-04-04T20:44:40.616592-04:00,0,,,,0,,1,37780.0,resumed_after_nonverbal
74,wenfei,session_20260404_wenfei_409e9e,with_system,2026-04-04T20:44:44.017416-04:00,head_turned_away,2026-04-04T20:44:44.017416-04:00,head_turn_plus_wave,,2026-04-04T20:44:54.341487-04:00,0,,,,0,,1,10320.0,resumed_after_nonverbal
75,wenfei,session_20260404_wenfei_409e9e,with_system,2026-04-04T20:44:57.543817-04:00,gaze_off_screen,2026-04-04T20:44:57.543817-04:00,head_turn_plus_wave,,,0,,,,0,,0,,not_resumed
76,wenfei,session_20260404_wenfei_a48b19,with_system,2026-04-04T23:33:09.392819-04:00,gaze_off_screen,2026-04-04T23:33:09.392819-04:00,head_turn_plus_wave,,2026-04-04T23:33:14.606382-04:00,0,,,,0,,1,5210.0,resumed_after_nonverbal
77,wenfei,session_20260404_wenfei_b3c248,with_system,2026-04-04T23:35:46.702250-04:00,gaze_off_screen,2026-04-04T23:35:46.702250-04:00,head_turn_plus_wave,,2026-04-04T23:35:54.641084-04:00,0,,,,0,,1,7940.0,resumed_after_nonverbal
78,wenfei,session_20260404_wenfei_da758b,with_system,2026-04-04T20:55:49.539239-04:00,gaze_off_screen,2026-04-04T20:55:49.539239-04:00,head_turn_plus_wave,,2026-04-04T20:55:55.483565-04:00,1,2026-04-04T20:57:09.551877-04:00,generic,60,1,2026-04-04T20:57:09.551877-04:00,1,5940.0,resumed_after_voice
79,wenfei,session_20260404_wenfei_da758b,with_system,2026-04-04T20:59:51.468190-04:00,gaze_off_screen,2026-04-04T20:59:51.468190-04:00,head_turn_plus_wave,,2026-04-04T20:59:57.657747-04:00,1,2026-04-04T21:01:12.072299-04:00,generic,60,1,2026-04-04T21:01:12.072299-04:00,1,6190.0,resumed_after_voice
80,wenfei,session_20260404_wenfei_da758b,with_system,2026-04-04T21:01:51.005919-04:00,gaze_off_screen,2026-04-04T21:01:51.005919-04:00,head_turn_plus_wave,,2026-04-04T21:01:57.002962-04:00,1,2026-04-04T21:03:11.391376-04:00,generic,60,1,2026-04-04T21:03:11.391376-04:00,1,6000.0,resumed_after_voice
81,wenfei,session_20260404_wenfei_da758b,with_system,2026-04-04T21:06:12.319608-04:00,gaze_off_screen,2026-04-04T21:06:12.319608-04:00,head_turn_plus_wave,,2026-04-04T21:06:18.334574-04:00,1,2026-04-04T21:07:32.867546-04:00,generic,60,1,2026-04-04T21:07:32.867546-04:00,1,6010.0,resumed_after_voice
82,wenfei,session_20260404_wenfei_da758b,with_system,2026-04-04T21:07:44.455121-04:00,gaze_off_screen,2026-04-04T21:07:44.455121-04:00,head_turn_plus_wave,,2026-04-04T21:07:56.702757-04:00,1,2026-04-04T21:09:10.821202-04:00,generic,60,1,2026-04-04T21:09:10.821202-04:00,1,12250.0,resumed_after_voice
83,wenfei,session_20260404_wenfei_da758b,with_system,2026-04-04T21:09:22.824626-04:00,gaze_off_screen,2026-04-04T21:09:22.824626-04:00,head_turn_plus_wave,,2026-04-04T21:09:43.874898-04:00,1,2026-04-04T21:10:58.563114-04:00,generic,60,1,2026-04-04T21:10:58.563114-04:00,1,21050.0,resumed_after_voice
84,wenfei,session_20260404_wenfei_e35d86,with_system,2026-04-04T23:37:42.166705-04:00,gaze_off_screen,2026-04-04T23:37:42.166705-04:00,head_turn_plus_wave,,2026-04-04T23:37:48.113638-04:00,1,2026-04-04T23:39:28.419042-04:00,context_aware,79,1,2026-04-04T23:39:28.419042-04:00,1,5950.0,resumed_after_voice
85,wenfei,session_20260404_wenfei_e4f891,with_system,2026-04-04T20:10:11.195140-04:00,gaze_off_screen,2026-04-04T20:10:11.195140-04:00,head_turn_plus_wave,,2026-04-04T20:10:33.390694-04:00,1,2026-04-04T20:11:36.995467-04:00,generic,60,1,2026-04-04T20:11:36.995467-04:00,1,22200.0,resumed_after_voice
86,wenfei,session_20260404_wenfei_e4f891,with_system,2026-04-04T20:12:23.715495-04:00,gaze_off_screen,2026-04-04T20:12:23.715495-04:00,head_turn_plus_wave,,2026-04-04T20:12:30.485764-04:00,1,2026-04-04T20:13:34.195840-04:00,generic,60,1,2026-04-04T20:13:34.195840-04:00,1,6770.0,resumed_after_voice
87,wenfei,session_20260404_wenfei_e4f891,with_system,2026-04-04T20:13:38.696829-04:00,gaze_off_screen,2026-04-04T20:13:38.696829-04:00,head_turn_plus_wave,,2026-04-04T20:13:50.209143-04:00,1,2026-04-04T20:14:53.965058-04:00,generic,60,1,2026-04-04T20:14:53.965058-04:00,1,11510.0,resumed_after_voice
88,wenfei,session_20260404_wenfei_e4f891,with_system,2026-04-04T20:15:23.998874-04:00,gaze_off_screen,2026-04-04T20:15:23.998874-04:00,head_turn_plus_wave,,2026-04-04T20:15:54.971706-04:00,1,2026-04-04T20:16:58.987830-04:00,generic,60,1,2026-04-04T20:16:58.987830-04:00,1,30970.0,resumed_after_voice
89,wenfei,session_20260404_wenfei_e4f891,with_system,2026-04-04T20:17:03.055106-04:00,gaze_off_screen,2026-04-04T20:17:03.055106-04:00,head_turn_plus_wave,,2026-04-04T20:17:08.880613-04:00,1,2026-04-04T20:18:12.785916-04:00,generic,60,1,2026-04-04T20:18:12.785916-04:00,1,5830.0,resumed_after_voice
90,wenfei,session_20260404_wenfei_e4f891,with_system,2026-04-04T20:18:44.756038-04:00,gaze_off_screen,2026-04-04T20:18:44.756038-04:00,head_turn_plus_wave,,2026-04-04T20:18:53.519035-04:00,0,,,,0,,1,8760.0,resumed_after_nonverbal
91,wenfei,session_20260404_wenfei_f8def5,with_system,2026-04-04T21:17:15.718468-04:00,gaze_off_screen,2026-04-04T21:17:15.718468-04:00,head_turn_plus_wave,,2026-04-04T21:17:21.093945-04:00,0,,,,0,,1,5380.0,resumed_after_nonverbal
92,wenfei,session_20260404_wenfei_f8def5,with_system,2026-04-04T21:17:26.148117-04:00,gaze_off_screen,2026-04-04T21:17:26.148117-04:00,head_turn_plus_wave,,2026-04-04T21:17:31.352856-04:00,0,,,,0,,1,5200.0,resumed_after_nonverbal
93,wenfei,session_20260404_wenfei_f8def5,with_system,2026-04-04T21:17:59.664247-04:00,gaze_off_screen,2026-04-04T21:17:59.664247-04:00,head_turn_plus_wave,,2026-04-04T21:18:05.386919-04:00,0,,,,0,,1,5720.0,resumed_after_nonverbal
94,wenfei,session_20260404_wenfei_f8def5,with_system,2026-04-04T21:23:04.450392-04:00,gaze_off_screen,2026-04-04T21:23:04.450392-04:00,head_turn_plus_wave,,2026-04-04T21:23:10.422548-04:00,0,,,,0,,1,5970.0,resumed_after_nonverbal
95,wenfei,session_20260404_wenfei_f8def5,with_system,2026-04-04T21:23:25.385909-04:00,gaze_off_screen,2026-04-04T21:23:25.385909-04:00,head_turn_plus_wave,,2026-04-04T21:23:34.444729-04:00,0,,,,0,,1,9060.0,resumed_after_nonverbal
96,wenfei,session_20260404_wenfei_f8def5,with_system,2026-04-04T21:23:37.407114-04:00,gaze_off_screen,2026-04-04T21:23:37.407114-04:00,head_turn_plus_wave,,2026-04-04T21:24:25.200757-04:00,1,2026-04-04T21:24:25.696072-04:00,generic,60,1,2026-04-04T21:24:25.696072-04:00,0,47790.0,not_resumed
97,wenfei,session_20260404_wenfei_f8def5,with_system,2026-04-04T21:25:52.493293-04:00,gaze_off_screen,2026-04-04T21:25:52.493293-04:00,head_turn_plus_wave,,2026-04-04T21:26:01.649239-04:00,0,,,,0,,1,9160.0,resumed_after_nonverbal
98,wenfei,session_20260404_wenfei_f8def5,with_system,2026-04-04T21:26:04.650310-04:00,gaze_off_screen,2026-04-04T21:26:04.650310-04:00,head_turn_plus_wave,,2026-04-04T21:26:09.081359-04:00,0,,,,0,,1,4430.0,resumed_after_nonverbal
99,wenfei,session_20260404_wenfei_f8def5,with_system,2026-04-04T21:29:20.775434-04:00,gaze_off_screen,2026-04-04T21:29:20.775434-04:00,head_turn_plus_wave,,2026-04-04T21:29:44.782015-04:00,0,,,,0,,1,24010.0,resumed_after_nonverbal
100,wenfei,session_20260404_wenfei_f8def5,with_system,2026-04-04T21:29:48.075838-04:00,head_turned_away,2026-04-04T21:29:48.075838-04:00,head_turn_plus_wave,,2026-04-04T21:30:20.492977-04:00,0,,,,0,,1,32420.0,resumed_after_nonverbal
101,wenfei,session_20260404_wenfei_f8def5,with_system,2026-04-04T21:31:47.280754-04:00,gaze_off_screen,2026-04-04T21:31:47.280754-04:00,head_turn_plus_wave,,2026-04-04T21:31:51.876493-04:00,0,,,,0,,1,4600.0,resumed_after_nonverbal
102,wenfei,session_20260404_wenfei_f8def5,with_system,2026-04-04T21:31:54.950814-04:00,gaze_off_screen,2026-04-04T21:31:54.950814-04:00,head_turn_plus_wave,,2026-04-04T21:32:01.122761-04:00,0,,,,0,,1,6170.0,resumed_after_nonverbal
103,wenfei,session_20260404_wenfei_f8def5,with_system,2026-04-04T21:32:20.555921-04:00,gaze_off_screen,2026-04-04T21:32:20.555921-04:00,head_turn_plus_wave,,2026-04-04T21:32:38.452734-04:00,1,2026-04-04T21:33:56.075935-04:00,generic,60,1,2026-04-04T21:33:56.075935-04:00,1,17900.0,resumed_after_voice
104,wenfei,session_20260404_wenfei_f8def5,with_system,2026-04-04T21:36:59.849425-04:00,gaze_off_screen,2026-04-04T21:36:59.849425-04:00,head_turn_plus_wave,,2026-04-04T21:37:05.587073-04:00,1,2026-04-04T21:38:25.632485-04:00,generic,60,1,2026-04-04T21:38:25.632485-04:00,1,5740.0,resumed_after_voice
105,wenfei,session_20260404_wenfei_f8def5,with_system,2026-04-04T21:38:35.740815-04:00,gaze_off_screen,2026-04-04T21:38:35.740815-04:00,head_turn_plus_wave,,2026-04-04T21:38:42.011602-04:00,1,2026-04-04T21:39:59.048183-04:00,generic,60,1,2026-04-04T21:39:59.048183-04:00,1,6270.0,resumed_after_voice
106,wen,session_20260407_wen_7a5639,with_system,2026-04-07T22:06:20.491173-04:00,gaze_off_screen,2026-04-07T22:06:20.491173-04:00,head_turn_plus_wave,,2026-04-07T22:06:41.568581-04:00,0,,,,0,,1,21080.0,resumed_after_nonverbal
107,wen,session_20260407_wen_7a5639,with_system,2026-04-07T22:07:00.803249-04:00,gaze_off_screen,2026-04-07T22:07:00.803249-04:00,head_turn_plus_wave,,2026-04-07T22:07:48.892090-04:00,1,2026-04-07T22:07:50.465394-04:00,context_aware,75,1,2026-04-07T22:07:50.465394-04:00,0,48090.0,not_resumed
108,wen,session_20260407_wen_7a5639,with_system,2026-04-07T23:22:41.926647-04:00,head_turned_away,2026-04-07T23:22:41.926647-04:00,head_turn_plus_wave,,2026-04-07T23:23:30.185991-04:00,1,2026-04-07T23:23:31.387823-04:00,context_aware,57,1,2026-04-07T23:23:31.387823-04:00,0,48260.0,not_resumed
109,wenfei,session_20260407_wenfei_075d30,with_system,2026-04-07T19:22:44.882601-04:00,gaze_off_screen,2026-04-07T19:22:44.882601-04:00,head_turn_plus_wave,,2026-04-07T19:22:49.650268-04:00,0,,,,0,,1,4770.0,resumed_after_nonverbal
110,wenfei,session_20260407_wenfei_19eff7,with_system,2026-04-07T18:45:23.057278-04:00,gaze_off_screen,2026-04-07T18:45:23.057278-04:00,head_turn_plus_wave,,2026-04-07T18:45:34.748298-04:00,0,,,,0,,1,11690.0,resumed_after_nonverbal
111,wenfei,session_20260407_wenfei_456fc4,with_system,2026-04-07T19:16:32.063966-04:00,gaze_off_screen,2026-04-07T19:16:32.063966-04:00,head_turn_plus_wave,,2026-04-07T19:16:43.467837-04:00,0,,,,0,,1,11400.0,resumed_after_nonverbal
112,wenfei,session_20260407_wenfei_77b763,with_system,2026-04-07T18:52:07.509104-04:00,gaze_off_screen,2026-04-07T18:52:07.509104-04:00,head_turn_plus_wave,,2026-04-07T18:52:20.478112-04:00,0,,,,0,,1,12970.0,resumed_after_nonverbal
113,wenfei,session_20260407_wenfei_832d9e,with_system,2026-04-07T21:59:54.765408-04:00,gaze_off_screen,2026-04-07T21:59:54.765408-04:00,head_turn_plus_wave,,2026-04-07T22:00:10.749955-04:00,1,2026-04-07T22:01:28.998353-04:00,context_aware,74,1,2026-04-07T22:01:28.998353-04:00,1,15980.0,resumed_after_voice
114,wenfei,session_20260407_wenfei_94ffa4,with_system,2026-04-07T19:19:40.172433-04:00,gaze_off_screen,2026-04-07T19:19:40.172433-04:00,head_turn_plus_wave,,2026-04-07T19:19:46.313753-04:00,0,,,,0,,1,6140.0,resumed_after_nonverbal
115,wenfei,session_20260407_wenfei_9ff724,with_system,2026-04-07T21:44:08.103486-04:00,gaze_off_screen,2026-04-07T21:44:08.103486-04:00,head_turn_plus_wave,,,0,,,,0,,0,,not_resumed
116,wenfei,session_20260407_wenfei_dbd271,with_system,2026-04-07T19:09:31.086684-04:00,gaze_off_screen,2026-04-07T19:09:31.086684-04:00,head_turn_plus_wave,,2026-04-07T19:09:35.754019-04:00,0,,,,0,,1,4670.0,resumed_after_nonverbal
117,wen,session_20260408_wen_29b647,with_system,2026-04-08T01:42:05.509121-04:00,gaze_off_screen,2026-04-08T01:42:05.509121-04:00,head_turn_plus_wave,,2026-04-08T01:42:10.076197-04:00,0,,,,0,,1,4570.0,resumed_after_nonverbal
118,wen,session_20260408_wen_29b647,with_system,2026-04-08T01:42:13.134529-04:00,gaze_off_screen,2026-04-08T01:42:13.134529-04:00,head_turn_plus_wave,,2026-04-08T01:42:24.105486-04:00,0,,,,0,,1,10970.0,resumed_after_nonverbal
119,wen,session_20260408_wen_29b647,with_system,2026-04-08T01:42:42.839309-04:00,gaze_off_screen,2026-04-08T01:42:42.839309-04:00,head_turn_plus_wave,,2026-04-08T01:43:30.277976-04:00,0,,,,0,,0,47440.0,not_resumed
120,wen,session_20260408_wen_324e21,with_system,2026-04-08T00:12:16.418608-04:00,gaze_off_screen,2026-04-08T00:12:16.418608-04:00,head_turn_plus_wave,,2026-04-08T00:13:05.214883-04:00,1,2026-04-08T00:13:07.548875-04:00,context_aware,91,1,2026-04-08T00:13:07.548875-04:00,0,48800.0,not_resumed
121,wen,session_20260408_wen_324e21,with_system,2026-04-08T00:15:44.970868-04:00,gaze_off_screen,2026-04-08T00:15:44.970868-04:00,head_turn_plus_wave,,2026-04-08T00:15:49.721151-04:00,0,,,,0,,1,4750.0,resumed_after_nonverbal
122,wen,session_20260408_wen_324e21,with_system,2026-04-08T00:15:52.813545-04:00,gaze_off_screen,2026-04-08T00:15:52.813545-04:00,head_turn_plus_wave,,2026-04-08T00:15:58.105776-04:00,0,,,,0,,1,5290.0,resumed_after_nonverbal
123,wen,session_20260408_wen_324e21,with_system,2026-04-08T00:16:17.392381-04:00,gaze_off_screen,2026-04-08T00:16:17.392381-04:00,head_turn_plus_wave,,2026-04-08T00:16:23.466074-04:00,0,,,,0,,1,6070.0,resumed_after_nonverbal
124,wen,session_20260408_wen_324e21,with_system,2026-04-08T00:16:42.445187-04:00,gaze_off_screen,2026-04-08T00:16:42.445187-04:00,head_turn_plus_wave,,2026-04-08T00:17:00.071374-04:00,0,,,,0,,1,17630.0,resumed_after_nonverbal
125,wen,session_20260408_wen_324e21,with_system,2026-04-08T00:17:19.889520-04:00,gaze_off_screen,2026-04-08T00:17:19.889520-04:00,head_turn_plus_wave,,2026-04-08T00:17:40.940925-04:00,0,,,,0,,1,21050.0,resumed_after_nonverbal
126,wen,session_20260408_wen_324e21,with_system,2026-04-08T00:17:43.748331-04:00,head_turned_away,2026-04-08T00:17:43.748331-04:00,head_turn_plus_wave,,2026-04-08T00:18:31.686516-04:00,0,,,,0,,0,47940.0,not_resumed
127,wen,session_20260408_wen_47aab1,with_system,2026-04-08T01:24:48.006177-04:00,gaze_off_screen,2026-04-08T01:24:48.006177-04:00,head_turn_plus_wave,,2026-04-08T01:24:58.845654-04:00,0,,,,0,,1,10840.0,resumed_after_nonverbal
128,wen,session_20260408_wen_47aab1,with_system,2026-04-08T01:25:33.058116-04:00,gaze_off_screen,2026-04-08T01:25:33.058116-04:00,head_turn_plus_wave,,2026-04-08T01:25:45.063015-04:00,0,,,,0,,1,12000.0,resumed_after_nonverbal
129,wen,session_20260408_wen_47aab1,with_system,2026-04-08T01:26:41.201073-04:00,gaze_off_screen,2026-04-08T01:26:41.201073-04:00,head_turn_plus_wave,,2026-04-08T01:26:48.113410-04:00,0,,,,0,,1,6910.0,resumed_after_nonverbal
130,wen,session_20260408_wen_47aab1,with_system,2026-04-08T01:26:53.854806-04:00,head_turned_away,2026-04-08T01:26:53.854806-04:00,head_turn_plus_wave,,2026-04-08T01:27:04.830400-04:00,0,,,,0,,1,10980.0,resumed_after_nonverbal
131,wen,session_20260408_wen_47aab1,with_system,2026-04-08T01:27:34.205309-04:00,gaze_off_screen,2026-04-08T01:27:34.205309-04:00,head_turn_plus_wave,,2026-04-08T01:27:39.206279-04:00,0,,,,0,,1,5000.0,resumed_after_nonverbal
132,wen,session_20260408_wen_47aab1,with_system,2026-04-08T01:28:55.265811-04:00,gaze_off_screen,2026-04-08T01:28:55.265811-04:00,head_turn_plus_wave,,2026-04-08T01:29:06.541201-04:00,0,,,,0,,1,11280.0,resumed_after_nonverbal
133,wen,session_20260408_wen_47aab1,with_system,2026-04-08T01:30:09.531731-04:00,gaze_off_screen,2026-04-08T01:30:09.531731-04:00,head_turn_plus_wave,,2026-04-08T01:30:20.681816-04:00,0,,,,0,,1,11150.0,resumed_after_nonverbal
134,wen,session_20260408_wen_47aab1,with_system,2026-04-08T01:30:47.520484-04:00,gaze_off_screen,2026-04-08T01:30:47.520484-04:00,head_turn_plus_wave,,2026-04-08T01:30:52.214027-04:00,0,,,,0,,1,4690.0,resumed_after_nonverbal
135,wen,session_20260408_wen_47aab1,with_system,2026-04-08T01:31:12.006539-04:00,gaze_off_screen,2026-04-08T01:31:12.006539-04:00,head_turn_plus_wave,,2026-04-08T01:31:38.142318-04:00,0,,,,0,,1,26140.0,resumed_after_nonverbal
136,wen,session_20260408_wen_47aab1,with_system,2026-04-08T01:32:16.902305-04:00,gaze_off_screen,2026-04-08T01:32:16.902305-04:00,head_turn_plus_wave,,2026-04-08T01:32:23.713279-04:00,0,,,,0,,1,6810.0,resumed_after_nonverbal
137,wen,session_20260408_wen_47aab1,with_system,2026-04-08T01:32:26.562402-04:00,head_turned_away,2026-04-08T01:32:26.562402-04:00,head_turn_plus_wave,,2026-04-08T01:32:43.411309-04:00,0,,,,0,,1,16850.0,resumed_after_nonverbal
138,wen,session_20260408_wen_47aab1,with_system,2026-04-08T01:32:50.008059-04:00,gaze_off_screen,2026-04-08T01:32:50.008059-04:00,head_turn_plus_wave,,2026-04-08T01:33:12.432173-04:00,0,,,,0,,1,22420.0,resumed_after_nonverbal
139,wen,session_20260408_wen_47aab1,with_system,2026-04-08T01:33:18.158779-04:00,gaze_off_screen,2026-04-08T01:33:18.158779-04:00,head_turn_plus_wave,,2026-04-08T01:33:28.725090-04:00,1,2026-04-08T01:34:46.499203-04:00,context_aware,98,1,2026-04-08T01:34:46.499203-04:00,1,10570.0,resumed_after_voice
140,wen,session_20260408_wen_47aab1,with_system,2026-04-08T01:35:00.220145-04:00,gaze_off_screen,2026-04-08T01:35:00.220145-04:00,head_turn_plus_wave,,2026-04-08T01:35:10.769461-04:00,0,,,,0,,1,10550.0,resumed_after_nonverbal
141,wen,session_20260408_wen_47aab1,with_system,2026-04-08T01:35:13.638855-04:00,head_turned_away,2026-04-08T01:35:13.638855-04:00,head_turn_plus_wave,,2026-04-08T01:35:21.574861-04:00,0,,,,0,,1,7940.0,resumed_after_nonverbal
142,wen,session_20260408_wen_47aab1,with_system,2026-04-08T01:35:26.834527-04:00,gaze_off_screen,2026-04-08T01:35:26.834527-04:00,head_turn_plus_wave,,,0,,,,0,,0,,not_resumed
143,wen,session_20260408_wen_53bfb5,with_system,2026-04-08T00:27:09.337031-04:00,gaze_off_screen,2026-04-08T00:27:09.337031-04:00,head_turn_plus_wave,,2026-04-08T00:27:14.180739-04:00,0,,,,0,,1,4840.0,resumed_after_nonverbal
144,wen,session_20260408_wen_53bfb5,with_system,2026-04-08T00:27:17.111388-04:00,gaze_off_screen,2026-04-08T00:27:17.111388-04:00,head_turn_plus_wave,,2026-04-08T00:27:26.130928-04:00,0,,,,0,,1,9020.0,resumed_after_nonverbal
145,wen,session_20260408_wen_53bfb5,with_system,2026-04-08T00:27:45.000763-04:00,gaze_off_screen,2026-04-08T00:27:45.000763-04:00,head_turn_plus_wave,,2026-04-08T00:28:32.926903-04:00,0,,,,0,,1,47930.0,resumed_after_nonverbal
146,wen,session_20260408_wen_53bfb5,with_system,2026-04-08T00:28:51.848893-04:00,gaze_off_screen,2026-04-08T00:28:51.848893-04:00,head_turn_plus_wave,,2026-04-08T00:28:54.954123-04:00,0,,,,0,,1,3110.0,resumed_after_nonverbal
147,wen,session_20260408_wen_53bfb5,with_system,2026-04-08T00:29:14.068389-04:00,gaze_off_screen,2026-04-08T00:29:14.068389-04:00,head_turn_plus_wave,,,0,,,,0,,0,,not_resumed
148,wenfei1,session_20260408_wenfei1_756852,with_system,2026-04-08T01:48:29.415334-04:00,gaze_off_screen,2026-04-08T01:48:29.415334-04:00,head_turn_plus_wave,,2026-04-08T01:48:34.242141-04:00,0,,,,0,,1,4830.0,resumed_after_nonverbal
149,wenfei1,session_20260408_wenfei1_756852,with_system,2026-04-08T01:48:40.522124-04:00,gaze_off_screen,2026-04-08T01:48:40.522124-04:00,head_turn_plus_wave,,2026-04-08T01:48:45.836974-04:00,0,,,,0,,1,5310.0,resumed_after_nonverbal
150,wenfei1,session_20260408_wenfei1_756852,with_system,2026-04-08T01:48:57.064813-04:00,gaze_off_screen,2026-04-08T01:48:57.064813-04:00,head_turn_plus_wave,,,0,,,,0,,0,,not_resumed
151,1,session_20260409_1_629e89,with_system,2026-04-09T23:38:10.184526-04:00,gaze_off_screen,2026-04-09T23:38:10.184526-04:00,head_turn_plus_wave,,2026-04-09T23:38:16.653575-04:00,0,,,,0,,1,6470.0,resumed_after_nonverbal
152,1,session_20260409_1_629e89,with_system,2026-04-09T23:38:38.736806-04:00,gaze_off_screen,2026-04-09T23:38:38.736806-04:00,head_turn_plus_wave,,2026-04-09T23:38:50.598276-04:00,0,,,,0,,1,11860.0,resumed_after_nonverbal
153,1,session_20260409_1_629e89,with_system,2026-04-09T23:39:00.270513-04:00,gaze_off_screen,2026-04-09T23:39:00.270513-04:00,head_turn_plus_wave,,2026-04-09T23:39:08.548670-04:00,0,,,,0,,1,8280.0,resumed_after_nonverbal
154,1,session_20260409_1_629e89,with_system,2026-04-09T23:39:17.105859-04:00,gaze_off_screen,2026-04-09T23:39:17.105859-04:00,head_turn_plus_wave,,2026-04-09T23:39:24.897075-04:00,0,,,,0,,1,7790.0,resumed_after_nonverbal
155,1,session_20260409_1_629e89,with_system,2026-04-09T23:41:49.744846-04:00,gaze_off_screen,2026-04-09T23:41:49.744846-04:00,head_turn_plus_wave,,2026-04-09T23:42:20.332821-04:00,0,,,,0,,1,30590.0,resumed_after_nonverbal
156,2,session_20260409_2_5f15da,with_system,2026-04-09T23:59:12.346795-04:00,gaze_off_screen,2026-04-09T23:59:12.346795-04:00,head_turn_plus_wave,,2026-04-09T23:59:20.493149-04:00,0,,,,0,,1,8150.0,resumed_after_nonverbal
157,2,session_20260409_2_5f15da,with_system,2026-04-09T23:59:32.364824-04:00,gaze_off_screen,2026-04-09T23:59:32.364824-04:00,head_turn_plus_wave,,2026-04-09T23:59:38.028231-04:00,0,,,,0,,1,5660.0,resumed_after_nonverbal
158,2,session_20260409_2_5f15da,with_system,2026-04-10T00:00:00.621975-04:00,gaze_off_screen,2026-04-10T00:00:00.621975-04:00,head_turn_plus_wave,,2026-04-10T00:00:03.110925-04:00,0,,,,0,,1,2490.0,resumed_after_nonverbal
159,2,session_20260409_2_5f15da,with_system,2026-04-10T00:00:11.709106-04:00,gaze_off_screen,2026-04-10T00:00:11.709106-04:00,head_turn_plus_wave,,2026-04-10T00:00:26.996155-04:00,0,,,,0,,1,15290.0,resumed_after_nonverbal
160,2,session_20260409_2_5f15da,with_system,2026-04-10T00:00:51.543119-04:00,head_turned_away,2026-04-10T00:00:51.543119-04:00,head_turn_plus_wave,,2026-04-10T00:00:55.353224-04:00,0,,,,0,,1,3810.0,resumed_after_nonverbal
161,2,session_20260409_2_5f15da,with_system,2026-04-10T00:01:16.316554-04:00,head_turned_away,2026-04-10T00:01:16.316554-04:00,head_turn_plus_wave,,2026-04-10T00:01:44.232978-04:00,0,,,,0,,1,27920.0,resumed_after_nonverbal
162,2,session_20260409_2_5f15da,with_system,2026-04-10T00:01:50.262511-04:00,head_turned_away,2026-04-10T00:01:50.262511-04:00,head_turn_plus_wave,,2026-04-10T00:01:57.345598-04:00,0,,,,0,,1,7080.0,resumed_after_nonverbal
163,wen,session_20260409_wen_25cd84,with_system,2026-04-09T21:32:26.409512-04:00,gaze_off_screen,2026-04-09T21:32:26.409512-04:00,head_turn_plus_wave,,2026-04-09T21:32:31.313221-04:00,0,,,,0,,1,4900.0,resumed_after_nonverbal
164,wen,session_20260409_wen_25cd84,with_system,2026-04-09T21:32:38.356914-04:00,gaze_off_screen,2026-04-09T21:32:38.356914-04:00,head_turn_plus_wave,,2026-04-09T21:32:44.322922-04:00,1,2026-04-09T21:33:54.537426-04:00,context_aware,71,1,2026-04-09T21:33:54.537426-04:00,1,5970.0,resumed_after_voice
165,wen,session_20260409_wen_25cd84,with_system,2026-04-09T21:34:32.143282-04:00,gaze_off_screen,2026-04-09T21:34:32.143282-04:00,head_turn_plus_wave,,2026-04-09T21:34:36.387133-04:00,0,,,,0,,1,4240.0,resumed_after_nonverbal
166,wen,session_20260409_wen_25cd84,with_system,2026-04-09T21:34:42.866407-04:00,gaze_off_screen,2026-04-09T21:34:42.866407-04:00,head_turn_plus_wave,,2026-04-09T21:34:46.327993-04:00,0,,,,0,,1,3460.0,resumed_after_nonverbal
167,wen,session_20260409_wen_25cd84,with_system,2026-04-09T21:35:09.416198-04:00,gaze_off_screen,2026-04-09T21:35:09.416198-04:00,head_turn_plus_wave,,2026-04-09T21:35:13.043819-04:00,0,,,,0,,1,3630.0,resumed_after_nonverbal
168,wen,session_20260409_wen_25cd84,with_system,2026-04-09T21:35:24.282936-04:00,gaze_off_screen,2026-04-09T21:35:24.282936-04:00,head_turn_plus_wave,,2026-04-09T21:35:29.479182-04:00,0,,,,0,,1,5200.0,resumed_after_nonverbal
169,wen,session_20260409_wen_25cd84,with_system,2026-04-09T21:35:55.831919-04:00,gaze_off_screen,2026-04-09T21:35:55.831919-04:00,head_turn_plus_wave,,2026-04-09T21:36:07.417528-04:00,0,,,,0,,1,11590.0,resumed_after_nonverbal
170,wen,session_20260409_wen_25cd84,with_system,2026-04-09T21:36:34.945815-04:00,gaze_off_screen,2026-04-09T21:36:34.945815-04:00,head_turn_plus_wave,,2026-04-09T21:36:40.498848-04:00,0,,,,0,,1,5550.0,resumed_after_nonverbal
171,wen,session_20260409_wen_25cd84,with_system,2026-04-09T21:37:13.767065-04:00,gaze_off_screen,2026-04-09T21:37:13.767065-04:00,head_turn_plus_wave,,2026-04-09T21:37:22.305201-04:00,0,,,,0,,1,8540.0,resumed_after_nonverbal
172,wen,session_20260409_wen_383d13,with_system,2026-04-09T20:40:48.211781-04:00,gaze_off_screen,2026-04-09T20:40:48.211781-04:00,head_turn_plus_wave,,2026-04-09T20:40:54.112193-04:00,0,,,,0,,1,5900.0,resumed_after_nonverbal
173,wen,session_20260409_wen_383d13,with_system,2026-04-09T20:40:57.323969-04:00,head_turned_away,2026-04-09T20:40:57.323969-04:00,head_turn_plus_wave,,2026-04-09T20:41:00.222191-04:00,0,,,,0,,1,2900.0,resumed_after_nonverbal
174,wen,session_20260409_wen_383d13,with_system,2026-04-09T20:41:03.296644-04:00,head_turned_away,2026-04-09T20:41:03.296644-04:00,head_turn_plus_wave,,2026-04-09T20:41:06.002968-04:00,0,,,,0,,1,2710.0,resumed_after_nonverbal
175,wen,session_20260409_wen_383d13,with_system,2026-04-09T20:41:09.622673-04:00,head_turned_away,2026-04-09T20:41:09.622673-04:00,head_turn_plus_wave,,2026-04-09T20:41:14.358652-04:00,0,,,,0,,1,4740.0,resumed_after_nonverbal
176,wen,session_20260409_wen_383d13,with_system,2026-04-09T20:41:54.656772-04:00,gaze_off_screen,2026-04-09T20:41:54.656772-04:00,head_turn_plus_wave,,2026-04-09T20:41:58.811072-04:00,0,,,,0,,1,4150.0,resumed_after_nonverbal
177,wen,session_20260409_wen_383d13,with_system,2026-04-09T20:42:18.045443-04:00,gaze_off_screen,2026-04-09T20:42:18.045443-04:00,head_turn_plus_wave,,2026-04-09T20:42:22.175234-04:00,0,,,,0,,1,4130.0,resumed_after_nonverbal
178,wen,session_20260409_wen_383d13,with_system,2026-04-09T20:42:25.206855-04:00,head_turned_away,2026-04-09T20:42:25.206855-04:00,head_turn_plus_wave,,2026-04-09T20:42:27.962660-04:00,0,,,,0,,1,2760.0,resumed_after_nonverbal
179,wen,session_20260409_wen_383d13,with_system,2026-04-09T20:42:43.034001-04:00,head_turned_away,2026-04-09T20:42:43.034001-04:00,head_turn_plus_wave,,2026-04-09T20:42:46.837952-04:00,0,,,,0,,1,3800.0,resumed_after_nonverbal
180,wen,session_20260409_wen_383d13,with_system,2026-04-09T20:43:00.608707-04:00,head_turned_away,2026-04-09T20:43:00.608707-04:00,head_turn_plus_wave,,2026-04-09T20:43:04.413319-04:00,0,,,,0,,1,3800.0,resumed_after_nonverbal
181,wen,session_20260409_wen_383d13,with_system,2026-04-09T20:43:59.754017-04:00,head_turned_away,2026-04-09T20:43:59.754017-04:00,head_turn_plus_wave,,2026-04-09T20:44:02.809859-04:00,0,,,,0,,1,3060.0,resumed_after_nonverbal
182,wen,session_20260409_wen_383d13,with_system,2026-04-09T20:44:21.137368-04:00,head_turned_away,2026-04-09T20:44:21.137368-04:00,head_turn_plus_wave,,2026-04-09T20:44:25.211304-04:00,0,,,,0,,1,4070.0,resumed_after_nonverbal
183,wen,session_20260409_wen_383d13,with_system,2026-04-09T20:44:35.964614-04:00,head_turned_away,2026-04-09T20:44:35.964614-04:00,head_turn_plus_wave,,2026-04-09T20:44:45.607497-04:00,0,,,,0,,1,9640.0,resumed_after_nonverbal
184,wen,session_20260409_wen_383d13,with_system,2026-04-09T20:45:03.233609-04:00,gaze_off_screen,2026-04-09T20:45:03.233609-04:00,head_turn_plus_wave,,2026-04-09T20:45:15.486127-04:00,0,,,,0,,1,12250.0,resumed_after_nonverbal
185,wen,session_20260409_wen_4cdaf5,with_system,2026-04-09T21:03:25.872160-04:00,gaze_off_screen,2026-04-09T21:03:25.872160-04:00,head_turn_plus_wave,,2026-04-09T21:03:35.225237-04:00,0,,,,0,,1,9350.0,resumed_after_nonverbal
186,wen,session_20260409_wen_4cdaf5,with_system,2026-04-09T21:03:49.233055-04:00,gaze_off_screen,2026-04-09T21:03:49.233055-04:00,head_turn_plus_wave,,2026-04-09T21:03:51.629945-04:00,0,,,,0,,1,2400.0,resumed_after_nonverbal
187,wen,session_20260409_wen_4cdaf5,with_system,2026-04-09T21:03:54.805303-04:00,gaze_off_screen,2026-04-09T21:03:54.805303-04:00,head_turn_plus_wave,,2026-04-09T21:04:01.931143-04:00,0,,,,0,,1,7130.0,resumed_after_nonverbal
188,wen,session_20260409_wen_4cdaf5,with_system,2026-04-09T21:04:17.742801-04:00,gaze_off_screen,2026-04-09T21:04:17.742801-04:00,head_turn_plus_wave,,2026-04-09T21:04:23.071713-04:00,0,,,,0,,1,5330.0,resumed_after_nonverbal
189,wen,session_20260409_wen_4cdaf5,with_system,2026-04-09T21:04:31.768464-04:00,head_turned_away,2026-04-09T21:04:31.768464-04:00,head_turn_plus_wave,,2026-04-09T21:04:40.258392-04:00,0,,,,0,,1,8490.0,resumed_after_nonverbal
190,wen,session_20260409_wen_4cdaf5,with_system,2026-04-09T21:04:53.298061-04:00,head_turned_away,2026-04-09T21:04:53.298061-04:00,head_turn_plus_wave,,2026-04-09T21:04:53.568450-04:00,0,,,,0,,1,270.0,resumed_after_nonverbal
191,wen,session_20260409_wen_4cdaf5,with_system,2026-04-09T21:04:56.535769-04:00,head_turned_away,2026-04-09T21:04:56.535769-04:00,head_turn_plus_wave,,2026-04-09T21:04:58.971879-04:00,0,,,,0,,1,2440.0,resumed_after_nonverbal
192,wen,session_20260409_wen_4cdaf5,with_system,2026-04-09T21:05:01.961250-04:00,head_turned_away,2026-04-09T21:05:01.961250-04:00,head_turn_plus_wave,,2026-04-09T21:05:04.621651-04:00,0,,,,0,,1,2660.0,resumed_after_nonverbal
193,wen,session_20260409_wen_4cdaf5,with_system,2026-04-09T21:05:07.431349-04:00,head_turned_away,2026-04-09T21:05:07.431349-04:00,head_turn_plus_wave,,2026-04-09T21:05:12.745657-04:00,0,,,,0,,1,5310.0,resumed_after_nonverbal
194,wen,session_20260409_wen_4cdaf5,with_system,2026-04-09T21:05:19.147964-04:00,gaze_off_screen,2026-04-09T21:05:19.147964-04:00,head_turn_plus_wave,,2026-04-09T21:05:30.713125-04:00,0,,,,0,,1,11570.0,resumed_after_nonverbal
195,wen,session_20260409_wen_4cdaf5,with_system,2026-04-09T21:05:42.809478-04:00,gaze_off_screen,2026-04-09T21:05:42.809478-04:00,head_turn_plus_wave,,2026-04-09T21:05:47.907218-04:00,0,,,,0,,1,5100.0,resumed_after_nonverbal
196,wen,session_20260409_wen_4cdaf5,with_system,2026-04-09T21:06:51.124036-04:00,gaze_off_screen,2026-04-09T21:06:51.124036-04:00,head_turn_plus_wave,,2026-04-09T21:06:57.789019-04:00,0,,,,0,,1,6660.0,resumed_after_nonverbal
197,wen,session_20260409_wen_4cdaf5,with_system,2026-04-09T21:07:05.686916-04:00,gaze_off_screen,2026-04-09T21:07:05.686916-04:00,head_turn_plus_wave,,2026-04-09T21:07:10.412238-04:00,0,,,,0,,1,4730.0,resumed_after_nonverbal
198,wen,session_20260409_wen_4cdaf5,with_system,2026-04-09T21:07:13.697199-04:00,head_turned_away,2026-04-09T21:07:13.697199-04:00,head_turn_plus_wave,,2026-04-09T21:07:18.902417-04:00,0,,,,0,,1,5210.0,resumed_after_nonverbal
199,wen,session_20260409_wen_4cdaf5,with_system,2026-04-09T21:07:31.013747-04:00,gaze_off_screen,2026-04-09T21:07:31.013747-04:00,head_turn_plus_wave,,2026-04-09T21:07:35.828489-04:00,0,,,,0,,1,4810.0,resumed_after_nonverbal
200,wen,session_20260409_wen_4cdaf5,with_system,2026-04-09T21:07:38.872023-04:00,gaze_off_screen,2026-04-09T21:07:38.872023-04:00,head_turn_plus_wave,,2026-04-09T21:07:44.444493-04:00,0,,,,0,,1,5570.0,resumed_after_nonverbal
201,wen,session_20260409_wen_4cdaf5,with_system,2026-04-09T21:07:56.347176-04:00,gaze_off_screen,2026-04-09T21:07:56.347176-04:00,head_turn_plus_wave,,2026-04-09T21:08:02.192425-04:00,0,,,,0,,1,5850.0,resumed_after_nonverbal
202,wen,session_20260409_wen_4ea428,with_system,2026-04-09T22:44:55.625623-04:00,gaze_off_screen,2026-04-09T22:44:55.625623-04:00,head_turn_plus_wave,,2026-04-09T22:45:02.217196-04:00,0,,,,0,,1,6590.0,resumed_after_nonverbal
203,wen,session_20260409_wen_4ea428,with_system,2026-04-09T22:45:05.024682-04:00,gaze_off_screen,2026-04-09T22:45:05.024682-04:00,head_turn_plus_wave,,2026-04-09T22:45:10.643563-04:00,0,,,,0,,1,5620.0,resumed_after_nonverbal
204,wen,session_20260409_wen_4ea428,with_system,2026-04-09T22:45:39.913867-04:00,gaze_off_screen,2026-04-09T22:45:39.913867-04:00,head_turn_plus_wave,,2026-04-09T22:45:44.570968-04:00,0,,,,0,,1,4660.0,resumed_after_nonverbal
205,wen,session_20260409_wen_4ea428,with_system,2026-04-09T22:45:47.836727-04:00,gaze_off_screen,2026-04-09T22:45:47.836727-04:00,head_turn_plus_wave,,2026-04-09T22:45:53.513713-04:00,0,,,,0,,1,5680.0,resumed_after_nonverbal
206,wen,session_20260409_wen_4ea428,with_system,2026-04-09T22:46:14.284124-04:00,gaze_off_screen,2026-04-09T22:46:14.284124-04:00,head_turn_plus_wave,,2026-04-09T22:46:20.666008-04:00,0,,,,0,,1,6380.0,resumed_after_nonverbal
207,wen,session_20260409_wen_4ea428,with_system,2026-04-09T22:46:29.628169-04:00,head_turned_away,2026-04-09T22:46:29.628169-04:00,head_turn_plus_wave,,2026-04-09T22:46:34.272633-04:00,0,,,,0,,1,4640.0,resumed_after_nonverbal
208,wen,session_20260409_wen_4ea428,with_system,2026-04-09T22:46:45.622453-04:00,head_turned_away,2026-04-09T22:46:45.622453-04:00,head_turn_plus_wave,,2026-04-09T22:46:50.902959-04:00,0,,,,0,,1,5280.0,resumed_after_nonverbal
209,wen,session_20260409_wen_4ea428,with_system,2026-04-09T22:47:02.025822-04:00,head_turned_away,2026-04-09T22:47:02.025822-04:00,head_turn_plus_wave,,2026-04-09T22:47:05.921703-04:00,0,,,,0,,1,3900.0,resumed_after_nonverbal
210,wen,session_20260409_wen_4ea428,with_system,2026-04-09T22:48:43.601288-04:00,head_turned_away,2026-04-09T22:48:43.601288-04:00,head_turn_plus_wave,,2026-04-09T22:48:48.104398-04:00,0,,,,0,,1,4500.0,resumed_after_nonverbal
211,wen,session_20260409_wen_4ea428,with_system,2026-04-09T22:48:50.917011-04:00,head_turned_away,2026-04-09T22:48:50.917011-04:00,head_turn_plus_wave,,2026-04-09T22:49:14.124477-04:00,0,,,,0,,1,23210.0,resumed_after_nonverbal
212,wen,session_20260409_wen_4ea428,with_system,2026-04-09T22:49:22.559733-04:00,gaze_off_screen,2026-04-09T22:49:22.559733-04:00,head_turn_plus_wave,,2026-04-09T22:49:34.037480-04:00,0,,,,0,,1,11480.0,resumed_after_nonverbal
213,wen,session_20260409_wen_4ea428,with_system,2026-04-09T22:49:39.745069-04:00,gaze_off_screen,2026-04-09T22:49:39.745069-04:00,head_turn_plus_wave,,,0,,,,0,,0,,not_resumed
214,wen,session_20260409_wen_58e9d8,with_system,2026-04-09T21:49:11.704908-04:00,gaze_off_screen,2026-04-09T21:49:11.704908-04:00,head_turn_plus_wave,,2026-04-09T21:49:16.163488-04:00,0,,,,0,,1,4460.0,resumed_after_nonverbal
215,wen,session_20260409_wen_58e9d8,with_system,2026-04-09T21:49:19.077577-04:00,gaze_off_screen,2026-04-09T21:49:19.077577-04:00,head_turn_plus_wave,,2026-04-09T21:49:21.444243-04:00,0,,,,0,,1,2370.0,resumed_after_nonverbal
216,wen,session_20260409_wen_58e9d8,with_system,2026-04-09T21:49:56.579469-04:00,gaze_off_screen,2026-04-09T21:49:56.579469-04:00,head_turn_plus_wave,,2026-04-09T21:50:03.953470-04:00,0,,,,0,,1,7370.0,resumed_after_nonverbal
217,wen,session_20260409_wen_58e9d8,with_system,2026-04-09T21:50:06.985966-04:00,gaze_off_screen,2026-04-09T21:50:06.985966-04:00,head_turn_plus_wave,,2026-04-09T21:50:12.694094-04:00,0,,,,0,,1,5710.0,resumed_after_nonverbal
218,wen,session_20260409_wen_58e9d8,with_system,2026-04-09T21:50:34.016694-04:00,gaze_off_screen,2026-04-09T21:50:34.016694-04:00,head_turn_plus_wave,,2026-04-09T21:50:37.217688-04:00,0,,,,0,,1,3200.0,resumed_after_nonverbal
219,wen,session_20260409_wen_58e9d8,with_system,2026-04-09T21:50:59.539696-04:00,gaze_off_screen,2026-04-09T21:50:59.539696-04:00,head_turn_plus_wave,,2026-04-09T21:51:03.120874-04:00,0,,,,0,,1,3580.0,resumed_after_nonverbal
220,wen,session_20260409_wen_58e9d8,with_system,2026-04-09T21:51:05.912529-04:00,gaze_off_screen,2026-04-09T21:51:05.912529-04:00,head_turn_plus_wave,,2026-04-09T21:51:12.360706-04:00,0,,,,0,,1,6450.0,resumed_after_nonverbal
221,wen,session_20260409_wen_58e9d8,with_system,2026-04-09T21:51:22.684384-04:00,gaze_off_screen,2026-04-09T21:51:22.684384-04:00,head_turn_plus_wave,,2026-04-09T21:51:28.993358-04:00,0,,,,0,,1,6310.0,resumed_after_nonverbal
222,wen,session_20260409_wen_58e9d8,with_system,2026-04-09T21:51:43.558345-04:00,gaze_off_screen,2026-04-09T21:51:43.558345-04:00,head_turn_plus_wave,,2026-04-09T21:51:53.165042-04:00,0,,,,0,,1,9610.0,resumed_after_nonverbal
223,wen,session_20260409_wen_76b613,with_system,2026-04-09T22:51:43.530216-04:00,gaze_off_screen,2026-04-09T22:51:43.530216-04:00,head_turn_plus_wave,,2026-04-09T22:52:31.924233-04:00,0,,,,0,,0,48390.0,not_resumed
224,wen,session_20260409_wen_90d39a,with_system,2026-04-09T22:09:52.532369-04:00,gaze_off_screen,2026-04-09T22:09:52.532369-04:00,head_turn_plus_wave,,2026-04-09T22:09:58.348839-04:00,0,,,,0,,1,5820.0,resumed_after_nonverbal
225,wen,session_20260409_wen_90d39a,with_system,2026-04-09T22:10:01.273598-04:00,head_turned_away,2026-04-09T22:10:01.273598-04:00,head_turn_plus_wave,,2026-04-09T22:10:03.911379-04:00,0,,,,0,,1,2640.0,resumed_after_nonverbal
226,wen,session_20260409_wen_90d39a,with_system,2026-04-09T22:10:08.093832-04:00,head_turned_away,2026-04-09T22:10:08.093832-04:00,head_turn_plus_wave,,2026-04-09T22:10:14.799319-04:00,0,,,,0,,1,6710.0,resumed_after_nonverbal
227,wen,session_20260409_wen_90d39a,with_system,2026-04-09T22:10:34.819890-04:00,gaze_off_screen,2026-04-09T22:10:34.819890-04:00,head_turn_plus_wave,,2026-04-09T22:10:40.024492-04:00,0,,,,0,,1,5200.0,resumed_after_nonverbal
228,wen,session_20260409_wen_90d39a,with_system,2026-04-09T22:10:43.544269-04:00,head_turned_away,2026-04-09T22:10:43.544269-04:00,head_turn_plus_wave,,2026-04-09T22:10:56.740244-04:00,0,,,,0,,1,13200.0,resumed_after_nonverbal
229,wen,session_20260409_wen_90d39a,with_system,2026-04-09T22:11:15.659962-04:00,gaze_off_screen,2026-04-09T22:11:15.659962-04:00,head_turn_plus_wave,,2026-04-09T22:11:19.021665-04:00,0,,,,0,,1,3360.0,resumed_after_nonverbal
230,wen,session_20260409_wen_90d39a,with_system,2026-04-09T22:11:23.480115-04:00,gaze_off_screen,2026-04-09T22:11:23.480115-04:00,head_turn_plus_wave,,2026-04-09T22:11:28.663679-04:00,0,,,,0,,1,5180.0,resumed_after_nonverbal
231,wen,session_20260409_wen_90d39a,with_system,2026-04-09T22:14:10.643158-04:00,head_turned_away,2026-04-09T22:14:10.643158-04:00,head_turn_plus_wave,,2026-04-09T22:14:15.498437-04:00,0,,,,0,,1,4860.0,resumed_after_nonverbal
232,wen,session_20260409_wen_90d39a,with_system,2026-04-09T22:14:32.154932-04:00,head_turned_away,2026-04-09T22:14:32.154932-04:00,head_turn_plus_wave,,2026-04-09T22:14:32.555250-04:00,0,,,,0,,1,400.0,resumed_after_nonverbal
233,wen,session_20260409_wen_94cd63,with_system,2026-04-09T20:33:36.683190-04:00,gaze_off_screen,2026-04-09T20:33:36.683190-04:00,head_turn_plus_wave,,2026-04-09T20:33:41.290004-04:00,0,,,,0,,1,4610.0,resumed_after_nonverbal
234,wen,session_20260409_wen_94cd63,with_system,2026-04-09T20:33:50.163151-04:00,gaze_off_screen,2026-04-09T20:33:50.163151-04:00,head_turn_plus_wave,,2026-04-09T20:33:57.563632-04:00,0,,,,0,,1,7400.0,resumed_after_nonverbal
235,wen,session_20260409_wen_94cd63,with_system,2026-04-09T20:34:15.868837-04:00,gaze_off_screen,2026-04-09T20:34:15.868837-04:00,head_turn_plus_wave,,2026-04-09T20:34:35.878604-04:00,0,,,,0,,1,20010.0,resumed_after_nonverbal
236,wen,session_20260409_wen_94cd63,with_system,2026-04-09T20:34:47.017024-04:00,head_turned_away,2026-04-09T20:34:47.017024-04:00,head_turn_plus_wave,,2026-04-09T20:35:06.385987-04:00,0,,,,0,,1,19370.0,resumed_after_nonverbal
237,wen,session_20260409_wen_94cd63,with_system,2026-04-09T20:35:10.415871-04:00,gaze_off_screen,2026-04-09T20:35:10.415871-04:00,head_turn_plus_wave,,2026-04-09T20:35:14.312624-04:00,0,,,,0,,1,3900.0,resumed_after_nonverbal
238,wen,session_20260409_wen_94cd63,with_system,2026-04-09T20:35:42.408522-04:00,gaze_off_screen,2026-04-09T20:35:42.408522-04:00,head_turn_plus_wave,,2026-04-09T20:35:49.343581-04:00,0,,,,0,,1,6940.0,resumed_after_nonverbal
239,wen,session_20260409_wen_94cd63,with_system,2026-04-09T20:35:52.580075-04:00,gaze_off_screen,2026-04-09T20:35:52.580075-04:00,head_turn_plus_wave,,2026-04-09T20:35:58.689379-04:00,0,,,,0,,1,6110.0,resumed_after_nonverbal
240,wen,session_20260409_wen_9ec281,with_system,2026-04-09T23:11:53.695631-04:00,gaze_off_screen,2026-04-09T23:11:53.695631-04:00,head_turn_plus_wave,,,0,,,,0,,0,,not_resumed
241,wen,session_20260409_wen_ae3212,with_system,2026-04-09T16:59:35.912269-04:00,gaze_off_screen,2026-04-09T16:59:35.912269-04:00,head_turn_plus_wave,,2026-04-09T16:59:53.645189-04:00,0,,,,0,,1,17730.0,resumed_after_nonverbal
242,wen,session_20260409_wen_b0b4b2,with_system,2026-04-09T16:50:53.756011-04:00,gaze_off_screen,2026-04-09T16:50:53.756011-04:00,head_turn_plus_wave,,2026-04-09T16:50:57.286855-04:00,0,,,,0,,1,3530.0,resumed_after_nonverbal
243,wen,session_20260409_wen_b0b4b2,with_system,2026-04-09T16:52:27.224221-04:00,gaze_off_screen,2026-04-09T16:52:27.224221-04:00,head_turn_plus_wave,,2026-04-09T16:52:34.726641-04:00,0,,,,0,,1,7500.0,resumed_after_nonverbal
244,wen,session_20260409_wen_b0b4b2,with_system,2026-04-09T16:52:39.794162-04:00,head_turned_away,2026-04-09T16:52:39.794162-04:00,head_turn_plus_wave,,2026-04-09T16:52:43.643205-04:00,0,,,,0,,1,3850.0,resumed_after_nonverbal
245,wen,session_20260409_wen_b0b4b2,with_system,2026-04-09T16:52:53.373864-04:00,head_turned_away,2026-04-09T16:52:53.373864-04:00,head_turn_plus_wave,,2026-04-09T16:52:56.634949-04:00,0,,,,0,,1,3260.0,resumed_after_nonverbal
246,wen,session_20260409_wen_b0b4b2,with_system,2026-04-09T16:53:19.352034-04:00,head_turned_away,2026-04-09T16:53:19.352034-04:00,head_turn_plus_wave,,2026-04-09T16:53:26.749267-04:00,0,,,,0,,1,7400.0,resumed_after_nonverbal
247,wen,session_20260409_wen_b0b4b2,with_system,2026-04-09T16:53:40.420602-04:00,head_turned_away,2026-04-09T16:53:40.420602-04:00,head_turn_plus_wave,,2026-04-09T16:53:48.005004-04:00,0,,,,0,,1,7580.0,resumed_after_nonverbal
248,wen,session_20260409_wen_b0b4b2,with_system,2026-04-09T16:53:58.416572-04:00,head_turned_away,2026-04-09T16:53:58.416572-04:00,head_turn_plus_wave,,2026-04-09T16:54:07.300546-04:00,0,,,,0,,1,8880.0,resumed_after_nonverbal
249,wen,session_20260409_wen_b0b4b2,with_system,2026-04-09T16:54:18.415823-04:00,gaze_off_screen,2026-04-09T16:54:18.415823-04:00,head_turn_plus_wave,,2026-04-09T16:54:22.563121-04:00,0,,,,0,,1,4150.0,resumed_after_nonverbal
250,wen,session_20260409_wen_e7947e,with_system,2026-04-09T23:19:27.183511-04:00,gaze_off_screen,2026-04-09T23:19:27.183511-04:00,head_turn_plus_wave,,2026-04-09T23:19:32.961093-04:00,0,,,,0,,1,5780.0,resumed_after_nonverbal
251,wen,session_20260409_wen_e7947e,with_system,2026-04-09T23:19:35.826750-04:00,head_turned_away,2026-04-09T23:19:35.826750-04:00,head_turn_plus_wave,,2026-04-09T23:19:38.364659-04:00,0,,,,0,,1,2540.0,resumed_after_nonverbal
252,wen,session_20260409_wen_e7947e,with_system,2026-04-09T23:19:41.499861-04:00,head_turned_away,2026-04-09T23:19:41.499861-04:00,head_turn_plus_wave,,2026-04-09T23:19:44.548216-04:00,0,,,,0,,1,3050.0,resumed_after_nonverbal
253,wen,session_20260409_wen_e7947e,with_system,2026-04-09T23:19:47.479412-04:00,head_turned_away,2026-04-09T23:19:47.479412-04:00,head_turn_plus_wave,,2026-04-09T23:19:53.797566-04:00,0,,,,0,,1,6320.0,resumed_after_nonverbal
254,wen,session_20260409_wen_e7947e,with_system,2026-04-09T23:20:06.123792-04:00,gaze_off_screen,2026-04-09T23:20:06.123792-04:00,head_turn_plus_wave,,2026-04-09T23:20:28.451913-04:00,0,,,,0,,1,22330.0,resumed_after_nonverbal
255,wen,session_20260409_wen_e7947e,with_system,2026-04-09T23:20:31.253004-04:00,head_turned_away,2026-04-09T23:20:31.253004-04:00,head_turn_plus_wave,,,0,,,,0,,0,,not_resumed
256,wen,session_20260409_wen_f11487,with_system,2026-04-09T22:02:33.196391-04:00,gaze_off_screen,2026-04-09T22:02:33.196391-04:00,head_turn_plus_wave,,2026-04-09T22:02:36.607958-04:00,0,,,,0,,1,3410.0,resumed_after_nonverbal
257,wen,session_20260409_wen_f11487,with_system,2026-04-09T22:02:41.130601-04:00,gaze_off_screen,2026-04-09T22:02:41.130601-04:00,head_turn_plus_wave,,2026-04-09T22:02:46.882490-04:00,0,,,,0,,1,5750.0,resumed_after_nonverbal
258,wen,session_20260409_wen_f11487,with_system,2026-04-09T22:03:00.742764-04:00,gaze_off_screen,2026-04-09T22:03:00.742764-04:00,head_turn_plus_wave,,2026-04-09T22:03:04.224461-04:00,0,,,,0,,1,3480.0,resumed_after_nonverbal
259,wen,session_20260409_wen_f11487,with_system,2026-04-09T22:03:07.212863-04:00,gaze_off_screen,2026-04-09T22:03:07.212863-04:00,head_turn_plus_wave,,2026-04-09T22:03:25.797809-04:00,0,,,,0,,1,18580.0,resumed_after_nonverbal
260,wen,session_20260409_wen_f11487,with_system,2026-04-09T22:03:28.645521-04:00,gaze_off_screen,2026-04-09T22:03:28.645521-04:00,head_turn_plus_wave,,,0,,,,0,,0,,not_resumed
261,wen,session_20260409_wen_f60a59,with_system,2026-04-09T16:24:55.753578-04:00,gaze_off_screen,2026-04-09T16:24:55.753578-04:00,head_turn_plus_wave,,2026-04-09T16:25:04.509525-04:00,0,,,,0,,1,8760.0,resumed_after_nonverbal
262,wen,session_20260409_wen_f60a59,with_system,2026-04-09T16:25:07.320799-04:00,gaze_off_screen,2026-04-09T16:25:07.320799-04:00,head_turn_plus_wave,,2026-04-09T16:25:11.521790-04:00,0,,,,0,,1,4200.0,resumed_after_nonverbal
263,wen,session_20260409_wen_f60a59,with_system,2026-04-09T16:25:32.291482-04:00,gaze_off_screen,2026-04-09T16:25:32.291482-04:00,head_turn_plus_wave,,2026-04-09T16:26:13.325354-04:00,0,,,,0,,1,41030.0,resumed_after_nonverbal
264,wen,session_20260409_wen_f60a59,with_system,2026-04-09T16:26:33.119348-04:00,gaze_off_screen,2026-04-09T16:26:33.119348-04:00,head_turn_plus_wave,,2026-04-09T16:26:36.959567-04:00,0,,,,0,,1,3840.0,resumed_after_nonverbal
265,wen,session_20260409_wen_fc759f,with_system,2026-04-09T17:27:16.039345-04:00,gaze_off_screen,2026-04-09T17:27:16.039345-04:00,head_turn_plus_wave,,2026-04-09T17:27:16.344359-04:00,0,,,,0,,1,310.0,resumed_after_nonverbal
266,wen,session_20260409_wen_fc759f,with_system,2026-04-09T17:27:29.294025-04:00,gaze_off_screen,2026-04-09T17:27:29.294025-04:00,head_turn_plus_wave,,2026-04-09T17:27:37.786344-04:00,0,,,,0,,1,8490.0,resumed_after_nonverbal
267,wen,session_20260409_wen_fc759f,with_system,2026-04-09T17:27:50.130104-04:00,gaze_off_screen,2026-04-09T17:27:50.130104-04:00,head_turn_plus_wave,,2026-04-09T17:27:55.809737-04:00,0,,,,0,,1,5680.0,resumed_after_nonverbal
268,wen,session_20260409_wen_fc759f,with_system,2026-04-09T17:28:02.704625-04:00,head_turned_away,2026-04-09T17:28:02.704625-04:00,head_turn_plus_wave,,2026-04-09T17:28:05.846013-04:00,0,,,,0,,1,3140.0,resumed_after_nonverbal
269,wen,session_20260409_wen_fc759f,with_system,2026-04-09T17:28:29.743188-04:00,head_turned_away,2026-04-09T17:28:29.743188-04:00,head_turn_plus_wave,,2026-04-09T17:28:36.465137-04:00,0,,,,0,,1,6720.0,resumed_after_nonverbal
270,wen,session_20260409_wen_fc759f,with_system,2026-04-09T17:28:43.653996-04:00,gaze_off_screen,2026-04-09T17:28:43.653996-04:00,head_turn_plus_wave,,2026-04-09T17:28:46.234294-04:00,0,,,,0,,1,2580.0,resumed_after_nonverbal
271,wen,session_20260409_wen_fc759f,with_system,2026-04-09T17:28:49.041285-04:00,gaze_off_screen,2026-04-09T17:28:49.041285-04:00,head_turn_plus_wave,,2026-04-09T17:28:49.238406-04:00,0,,,,0,,1,200.0,resumed_after_nonverbal
272,wen,session_20260409_wen_fc759f,with_system,2026-04-09T17:28:52.031232-04:00,gaze_off_screen,2026-04-09T17:28:52.031232-04:00,head_turn_plus_wave,,2026-04-09T17:28:55.238238-04:00,0,,,,0,,1,3210.0,resumed_after_nonverbal
273,wen,session_20260409_wen_fc759f,with_system,2026-04-09T17:28:58.134999-04:00,gaze_off_screen,2026-04-09T17:28:58.134999-04:00,head_turn_plus_wave,,2026-04-09T17:29:00.616774-04:00,0,,,,0,,1,2480.0,resumed_after_nonverbal
274,wen,session_20260409_wen_fc759f,with_system,2026-04-09T17:29:06.155033-04:00,gaze_off_screen,2026-04-09T17:29:06.155033-04:00,head_turn_plus_wave,,2026-04-09T17:29:11.241869-04:00,0,,,,0,,1,5090.0,resumed_after_nonverbal
275,wen,session_20260409_wen_fc759f,with_system,2026-04-09T17:30:48.589392-04:00,gaze_off_screen,2026-04-09T17:30:48.589392-04:00,head_turn_plus_wave,,2026-04-09T17:30:51.351745-04:00,0,,,,0,,1,2760.0,resumed_after_nonverbal
276,wen,session_20260409_wen_fc759f,with_system,2026-04-09T17:30:54.922802-04:00,gaze_off_screen,2026-04-09T17:30:54.922802-04:00,head_turn_plus_wave,,2026-04-09T17:30:57.527870-04:00,0,,,,0,,1,2610.0,resumed_after_nonverbal
277,wen,session_20260409_wen_fc759f,with_system,2026-04-09T17:31:00.657098-04:00,gaze_off_screen,2026-04-09T17:31:00.657098-04:00,head_turn_plus_wave,,2026-04-09T17:31:05.884289-04:00,0,,,,0,,1,5230.0,resumed_after_nonverbal
278,wen,session_20260409_wen_fc759f,with_system,2026-04-09T17:31:11.065910-04:00,gaze_off_screen,2026-04-09T17:31:11.065910-04:00,head_turn_plus_wave,,2026-04-09T17:31:24.799798-04:00,0,,,,0,,1,13730.0,resumed_after_nonverbal
279,wen,session_20260409_wen_fc759f,with_system,2026-04-09T17:31:30.113153-04:00,gaze_off_screen,2026-04-09T17:31:30.113153-04:00,head_turn_plus_wave,,2026-04-09T17:31:34.653216-04:00,0,,,,0,,1,4540.0,resumed_after_nonverbal
280,wen,session_20260409_wen_fc759f,with_system,2026-04-09T17:31:43.959237-04:00,gaze_off_screen,2026-04-09T17:31:43.959237-04:00,head_turn_plus_wave,,2026-04-09T17:31:46.407498-04:00,0,,,,0,,1,2450.0,resumed_after_nonverbal
281,wen,session_20260409_wen_fc759f,with_system,2026-04-09T17:32:38.100706-04:00,gaze_off_screen,2026-04-09T17:32:38.100706-04:00,head_turn_plus_wave,,2026-04-09T17:32:40.750256-04:00,0,,,,0,,1,2650.0,resumed_after_nonverbal
282,wen,session_20260409_wen_fc759f,with_system,2026-04-09T17:32:48.349840-04:00,gaze_off_screen,2026-04-09T17:32:48.349840-04:00,head_turn_plus_wave,,2026-04-09T17:32:52.585103-04:00,0,,,,0,,1,4240.0,resumed_after_nonverbal
283,wen,session_20260409_wen_fc759f,with_system,2026-04-09T17:32:58.614051-04:00,head_turned_away,2026-04-09T17:32:58.614051-04:00,head_turn_plus_wave,,2026-04-09T17:33:02.952319-04:00,0,,,,0,,1,4340.0,resumed_after_nonverbal
284,wen,session_20260409_wen_fc759f,with_system,2026-04-09T17:33:05.884264-04:00,head_turned_away,2026-04-09T17:33:05.884264-04:00,head_turn_plus_wave,,2026-04-09T17:33:10.435246-04:00,0,,,,0,,1,4550.0,resumed_after_nonverbal
285,wen,session_20260409_wen_fc759f,with_system,2026-04-09T17:33:35.617133-04:00,gaze_off_screen,2026-04-09T17:33:35.617133-04:00,head_turn_plus_wave,,2026-04-09T17:33:42.428775-04:00,0,,,,0,,1,6810.0,resumed_after_nonverbal
286,wen,session_20260409_wen_fc759f,with_system,2026-04-09T17:33:59.422051-04:00,gaze_off_screen,2026-04-09T17:33:59.422051-04:00,head_turn_plus_wave,,2026-04-09T17:34:08.131841-04:00,0,,,,0,,1,8710.0,resumed_after_nonverbal
287,wen,session_20260409_wen_fc759f,with_system,2026-04-09T17:34:13.259107-04:00,head_turned_away,2026-04-09T17:34:13.259107-04:00,head_turn_plus_wave,,2026-04-09T17:34:18.172358-04:00,0,,,,0,,1,4910.0,resumed_after_nonverbal
288,wen,session_20260409_wen_fc759f,with_system,2026-04-09T17:36:31.220263-04:00,head_turned_away,2026-04-09T17:36:31.220263-04:00,head_turn_plus_wave,,2026-04-09T17:36:35.734975-04:00,0,,,,0,,1,4510.0,resumed_after_nonverbal
289,4,session_20260410_4_f9de1d,with_system,2026-04-10T14:42:14.769168-04:00,gaze_off_screen,2026-04-10T14:42:14.769168-04:00,head_turn_plus_wave,,2026-04-10T14:42:27.152433-04:00,0,,,,0,,1,12380.0,resumed_after_nonverbal
290,4,session_20260410_4_f9de1d,with_system,2026-04-10T14:45:48.966801-04:00,gaze_off_screen,2026-04-10T14:45:48.966801-04:00,head_turn_plus_wave,,2026-04-10T14:45:53.815414-04:00,0,,,,0,,1,4850.0,resumed_after_nonverbal
291,4,session_20260410_4_f9de1d,with_system,2026-04-10T14:45:56.795667-04:00,gaze_off_screen,2026-04-10T14:45:56.795667-04:00,head_turn_plus_wave,,2026-04-10T14:46:04.144959-04:00,0,,,,0,,1,7350.0,resumed_after_nonverbal
292,4,session_20260410_4_f9de1d,with_system,2026-04-10T14:46:07.231709-04:00,gaze_off_screen,2026-04-10T14:46:07.231709-04:00,head_turn_plus_wave,,2026-04-10T14:46:23.145973-04:00,0,,,,0,,1,15910.0,resumed_after_nonverbal
293,4,session_20260410_4_f9de1d,with_system,2026-04-10T14:47:01.491808-04:00,gaze_off_screen,2026-04-10T14:47:01.491808-04:00,head_turn_plus_wave,,2026-04-10T14:47:11.158385-04:00,0,,,,0,,1,9670.0,resumed_after_nonverbal
294,4,session_20260410_4_f9de1d,with_system,2026-04-10T14:47:14.415147-04:00,gaze_off_screen,2026-04-10T14:47:14.415147-04:00,head_turn_plus_wave,,2026-04-10T14:47:18.009892-04:00,0,,,,0,,1,3590.0,resumed_after_nonverbal
295,4,session_20260410_4_f9de1d,with_system,2026-04-10T14:47:21.125165-04:00,gaze_off_screen,2026-04-10T14:47:21.125165-04:00,head_turn_plus_wave,,2026-04-10T14:48:09.344107-04:00,1,2026-04-10T14:48:09.696908-04:00,generic,60,1,2026-04-10T14:48:09.696908-04:00,0,48220.0,not_resumed
296,4,session_20260410_4_f9de1d,with_system,2026-04-10T14:48:38.436836-04:00,gaze_off_screen,2026-04-10T14:48:38.436836-04:00,head_turn_plus_wave,,2026-04-10T14:48:43.766686-04:00,0,,,,0,,1,5330.0,resumed_after_nonverbal
297,4,session_20260410_4_f9de1d,with_system,2026-04-10T14:48:46.945858-04:00,gaze_off_screen,2026-04-10T14:48:46.945858-04:00,head_turn_plus_wave,,2026-04-10T14:48:53.900753-04:00,0,,,,0,,1,6950.0,resumed_after_nonverbal
298,4,session_20260410_4_f9de1d,with_system,2026-04-10T14:48:56.855731-04:00,gaze_off_screen,2026-04-10T14:48:56.855731-04:00,head_turn_plus_wave,,2026-04-10T14:49:01.602058-04:00,0,,,,0,,1,4750.0,resumed_after_nonverbal
299,4,session_20260410_4_f9de1d,with_system,2026-04-10T14:49:04.608335-04:00,gaze_off_screen,2026-04-10T14:49:04.608335-04:00,head_turn_plus_wave,,2026-04-10T14:49:13.234884-04:00,0,,,,0,,1,8630.0,resumed_after_nonverbal
300,4,session_20260410_4_f9de1d,with_system,2026-04-10T14:49:16.905752-04:00,gaze_off_screen,2026-04-10T14:49:16.905752-04:00,head_turn_plus_wave,,2026-04-10T14:49:20.587341-04:00,0,,,,0,,1,3680.0,resumed_after_nonverbal
301,4,session_20260410_4_f9de1d,with_system,2026-04-10T14:53:12.973437-04:00,gaze_off_screen,2026-04-10T14:53:12.973437-04:00,head_turn_plus_wave,,2026-04-10T14:53:14.543948-04:00,0,,,,0,,1,1570.0,resumed_after_nonverbal
302,4,session_20260410_4_f9de1d,with_system,2026-04-10T14:53:17.738124-04:00,gaze_off_screen,2026-04-10T14:53:17.738124-04:00,head_turn_plus_wave,,2026-04-10T14:53:21.119850-04:00,0,,,,0,,1,3380.0,resumed_after_nonverbal
303,4,session_20260410_4_f9de1d,with_system,2026-04-10T14:53:42.061453-04:00,gaze_off_screen,2026-04-10T14:53:42.061453-04:00,head_turn_plus_wave,,2026-04-10T14:53:50.990816-04:00,0,,,,0,,1,8930.0,resumed_after_nonverbal
304,4,session_20260410_4_f9de1d,with_system,2026-04-10T14:53:53.970221-04:00,gaze_off_screen,2026-04-10T14:53:53.970221-04:00,head_turn_plus_wave,,2026-04-10T14:54:38.042784-04:00,0,,,,0,,1,44070.0,resumed_after_nonverbal
305,4,session_20260410_4_f9de1d,with_system,2026-04-10T14:54:41.029620-04:00,gaze_off_screen,2026-04-10T14:54:41.029620-04:00,head_turn_plus_wave,,2026-04-10T14:54:53.429611-04:00,0,,,,0,,1,12400.0,resumed_after_nonverbal
306,4,session_20260410_4_f9de1d,with_system,2026-04-10T14:54:56.454435-04:00,gaze_off_screen,2026-04-10T14:54:56.454435-04:00,head_turn_plus_wave,,2026-04-10T14:54:57.664359-04:00,0,,,,0,,1,1210.0,resumed_after_nonverbal
307,4,session_20260410_4_f9de1d,with_system,2026-04-10T14:55:15.628960-04:00,gaze_off_screen,2026-04-10T14:55:15.628960-04:00,head_turn_plus_wave,,2026-04-10T14:55:17.492282-04:00,0,,,,0,,1,1860.0,resumed_after_nonverbal
308,4,session_20260410_4_f9de1d,with_system,2026-04-10T14:55:20.499681-04:00,gaze_off_screen,2026-04-10T14:55:20.499681-04:00,head_turn_plus_wave,,2026-04-10T14:55:50.012347-04:00,0,,,,0,,1,29510.0,resumed_after_nonverbal
309,4,session_20260410_4_f9de1d,with_system,2026-04-10T14:55:53.049194-04:00,gaze_off_screen,2026-04-10T14:55:53.049194-04:00,head_turn_plus_wave,,2026-04-10T14:56:11.036183-04:00,0,,,,0,,1,17990.0,resumed_after_nonverbal
310,4,session_20260410_4_f9de1d,with_system,2026-04-10T14:56:14.151597-04:00,gaze_off_screen,2026-04-10T14:56:14.151597-04:00,head_turn_plus_wave,,2026-04-10T14:57:03.425286-04:00,1,2026-04-10T14:57:03.704673-04:00,generic,60,1,2026-04-10T14:57:03.704673-04:00,0,49270.0,not_resumed
311,4,session_20260410_4_f9de1d,with_system,2026-04-10T14:57:10.807752-04:00,gaze_off_screen,2026-04-10T14:57:10.807752-04:00,head_turn_plus_wave,,2026-04-10T14:57:14.929838-04:00,0,,,,0,,1,4120.0,resumed_after_nonverbal
312,4,session_20260410_4_f9de1d,with_system,2026-04-10T14:57:19.391808-04:00,gaze_off_screen,2026-04-10T14:57:19.391808-04:00,head_turn_plus_wave,,2026-04-10T14:57:25.430519-04:00,0,,,,0,,1,6040.0,resumed_after_nonverbal
313,4,session_20260410_4_f9de1d,with_system,2026-04-10T14:57:28.288941-04:00,gaze_off_screen,2026-04-10T14:57:28.288941-04:00,head_turn_plus_wave,,2026-04-10T14:57:30.252427-04:00,0,,,,0,,1,1960.0,resumed_after_nonverbal
314,4,session_20260410_4_f9de1d,with_system,2026-04-10T14:57:33.526072-04:00,gaze_off_screen,2026-04-10T14:57:33.526072-04:00,head_turn_plus_wave,,2026-04-10T14:58:21.212522-04:00,1,2026-04-10T14:58:21.713205-04:00,generic,60,1,2026-04-10T14:58:21.713205-04:00,0,47690.0,not_resumed
315,4,session_20260410_4_f9de1d,with_system,2026-04-10T15:00:42.375493-04:00,gaze_off_screen,2026-04-10T15:00:42.375493-04:00,head_turn_plus_wave,,2026-04-10T15:00:45.827008-04:00,0,,,,0,,1,3450.0,resumed_after_nonverbal
316,4,session_20260410_4_f9de1d,with_system,2026-04-10T15:00:49.075331-04:00,gaze_off_screen,2026-04-10T15:00:49.075331-04:00,head_turn_plus_wave,,2026-04-10T15:00:52.631009-04:00,0,,,,0,,1,3560.0,resumed_after_nonverbal
317,4,session_20260410_4_f9de1d,with_system,2026-04-10T15:01:10.504152-04:00,gaze_off_screen,2026-04-10T15:01:10.504152-04:00,head_turn_plus_wave,,2026-04-10T15:01:13.416585-04:00,0,,,,0,,1,2910.0,resumed_after_nonverbal
318,4,session_20260410_4_f9de1d,with_system,2026-04-10T15:02:06.353957-04:00,gaze_off_screen,2026-04-10T15:02:06.353957-04:00,head_turn_plus_wave,,2026-04-10T15:02:07.593132-04:00,0,,,,0,,1,1240.0,resumed_after_nonverbal
319,4,session_20260410_4_f9de1d,with_system,2026-04-10T15:02:10.398476-04:00,gaze_off_screen,2026-04-10T15:02:10.398476-04:00,head_turn_plus_wave,,2026-04-10T15:02:11.527712-04:00,0,,,,0,,1,1130.0,resumed_after_nonverbal
320,4,session_20260410_4_f9de1d,with_system,2026-04-10T15:02:58.585944-04:00,gaze_off_screen,2026-04-10T15:02:58.585944-04:00,head_turn_plus_wave,,2026-04-10T15:03:02.633915-04:00,0,,,,0,,1,4050.0,resumed_after_nonverbal
321,4,session_20260410_4_f9de1d,with_system,2026-04-10T15:03:05.431878-04:00,gaze_off_screen,2026-04-10T15:03:05.431878-04:00,head_turn_plus_wave,,2026-04-10T15:03:08.656326-04:00,0,,,,0,,1,3220.0,resumed_after_nonverbal
322,4,session_20260410_4_f9de1d,with_system,2026-04-10T15:03:11.617444-04:00,gaze_off_screen,2026-04-10T15:03:11.617444-04:00,head_turn_plus_wave,,2026-04-10T15:03:15.068031-04:00,0,,,,0,,1,3450.0,resumed_after_nonverbal
323,4,session_20260410_4_f9de1d,with_system,2026-04-10T15:05:58.294434-04:00,gaze_off_screen,2026-04-10T15:05:58.294434-04:00,head_turn_plus_wave,,2026-04-10T15:06:02.227569-04:00,0,,,,0,,1,3930.0,resumed_after_nonverbal
324,4,session_20260410_4_f9de1d,with_system,2026-04-10T15:09:49.417256-04:00,gaze_off_screen,2026-04-10T15:09:49.417256-04:00,head_turn_plus_wave,,2026-04-10T15:09:53.261596-04:00,0,,,,0,,1,3840.0,resumed_after_nonverbal
325,4,session_20260410_4_f9de1d,with_system,2026-04-10T15:09:56.775770-04:00,gaze_off_screen,2026-04-10T15:09:56.775770-04:00,head_turn_plus_wave,,2026-04-10T15:09:59.768898-04:00,0,,,,0,,1,2990.0,resumed_after_nonverbal
326,4,session_20260410_4_f9de1d,with_system,2026-04-10T15:10:02.746743-04:00,gaze_off_screen,2026-04-10T15:10:02.746743-04:00,head_turn_plus_wave,,,0,,,,0,,0,,not_resumed
327,6,session_20260413_6_f35000,with_system,2026-04-13T15:25:35.939796-04:00,gaze_off_screen,2026-04-13T15:25:35.939796-04:00,head_turn_plus_wave,,2026-04-13T15:25:41.389076-04:00,1,2026-04-13T15:26:50.942031-04:00,context_aware,92,1,2026-04-13T15:26:50.942031-04:00,1,5450.0,resumed_after_voice
328,6,session_20260413_6_f35000,with_system,2026-04-13T15:29:08.747062-04:00,gaze_off_screen,2026-04-13T15:29:08.747062-04:00,head_turn_plus_wave,,2026-04-13T15:29:13.915011-04:00,0,,,,0,,1,5170.0,resumed_after_nonverbal
329,6,session_20260413_6_f35000,with_system,2026-04-13T15:29:24.572834-04:00,gaze_off_screen,2026-04-13T15:29:24.572834-04:00,head_turn_plus_wave,,2026-04-13T15:29:29.730264-04:00,0,,,,0,,1,5160.0,resumed_after_nonverbal
330,6,session_20260413_6_f35000,with_system,2026-04-13T15:30:05.483029-04:00,gaze_off_screen,2026-04-13T15:30:05.483029-04:00,head_turn_plus_wave,,2026-04-13T15:30:10.623596-04:00,0,,,,0,,1,5140.0,resumed_after_nonverbal
331,6,session_20260413_6_f35000,with_system,2026-04-13T15:30:18.085577-04:00,gaze_off_screen,2026-04-13T15:30:18.085577-04:00,head_turn_plus_wave,,2026-04-13T15:30:23.224796-04:00,1,2026-04-13T15:31:31.497995-04:00,context_aware,124,1,2026-04-13T15:31:31.497995-04:00,1,5140.0,resumed_after_voice
332,6,session_20260413_6_f35000,with_system,2026-04-13T15:35:11.509146-04:00,gaze_off_screen,2026-04-13T15:35:11.509146-04:00,head_turn_plus_wave,,2026-04-13T15:35:16.713067-04:00,0,,,,0,,1,5200.0,resumed_after_nonverbal
333,6,session_20260413_6_f35000,with_system,2026-04-13T15:35:21.704128-04:00,gaze_off_screen,2026-04-13T15:35:21.704128-04:00,head_turn_plus_wave,,2026-04-13T15:35:26.863250-04:00,0,,,,0,,1,5160.0,resumed_after_nonverbal
334,6,session_20260413_6_f35000,with_system,2026-04-13T15:35:40.138665-04:00,gaze_off_screen,2026-04-13T15:35:40.138665-04:00,head_turn_plus_wave,,2026-04-13T15:35:45.291834-04:00,0,,,,0,,1,5150.0,resumed_after_nonverbal
335,6,session_20260413_6_f35000,with_system,2026-04-13T15:35:54.476673-04:00,gaze_off_screen,2026-04-13T15:35:54.476673-04:00,head_turn_plus_wave,,2026-04-13T15:35:59.631657-04:00,0,,,,0,,1,5150.0,resumed_after_nonverbal
336,6,session_20260413_6_f35000,with_system,2026-04-13T15:36:09.453338-04:00,gaze_off_screen,2026-04-13T15:36:09.453338-04:00,head_turn_plus_wave,,2026-04-13T15:36:14.540956-04:00,0,,,,0,,1,5090.0,resumed_after_nonverbal
337,6,session_20260413_6_f35000,with_system,2026-04-13T15:36:17.322025-04:00,gaze_off_screen,2026-04-13T15:36:17.322025-04:00,head_turn_plus_wave,,2026-04-13T15:36:19.624048-04:00,0,,,,0,,1,2300.0,resumed_after_nonverbal
338,6,session_20260413_6_f35000,with_system,2026-04-13T15:36:22.395921-04:00,gaze_off_screen,2026-04-13T15:36:22.395921-04:00,head_turn_plus_wave,,2026-04-13T15:36:27.559024-04:00,0,,,,0,,1,5160.0,resumed_after_nonverbal
339,6,session_20260413_6_f35000,with_system,2026-04-13T15:36:38.477069-04:00,gaze_off_screen,2026-04-13T15:36:38.477069-04:00,head_turn_plus_wave,,2026-04-13T15:36:43.630393-04:00,1,2026-04-13T15:37:52.352300-04:00,context_aware,86,1,2026-04-13T15:37:52.352300-04:00,1,5150.0,resumed_after_voice
340,6,session_20260413_6_f35000,with_system,2026-04-13T15:38:41.064364-04:00,gaze_off_screen,2026-04-13T15:38:41.064364-04:00,head_turn_plus_wave,,2026-04-13T15:38:46.201695-04:00,0,,,,0,,1,5140.0,resumed_after_nonverbal
341,6,session_20260413_6_f35000,with_system,2026-04-13T15:38:53.637146-04:00,gaze_off_screen,2026-04-13T15:38:53.637146-04:00,head_turn_plus_wave,,2026-04-13T15:38:58.783736-04:00,0,,,,0,,1,5150.0,resumed_after_nonverbal
342,6,session_20260413_6_f35000,with_system,2026-04-13T15:39:33.208347-04:00,gaze_off_screen,2026-04-13T15:39:33.208347-04:00,head_turn_plus_wave,,2026-04-13T15:39:38.500517-04:00,0,,,,0,,1,5290.0,resumed_after_nonverbal
343,6,session_20260413_6_f35000,with_system,2026-04-13T15:39:46.575224-04:00,gaze_off_screen,2026-04-13T15:39:46.575224-04:00,head_turn_plus_wave,,2026-04-13T15:39:51.707332-04:00,0,,,,0,,1,5130.0,resumed_after_nonverbal
344,6,session_20260413_6_f35000,with_system,2026-04-13T15:40:35.241707-04:00,gaze_off_screen,2026-04-13T15:40:35.241707-04:00,head_turn_plus_wave,,2026-04-13T15:40:40.396347-04:00,0,,,,0,,1,5150.0,resumed_after_nonverbal
345,6,session_20260413_6_f35000,with_system,2026-04-13T15:40:50.488581-04:00,gaze_off_screen,2026-04-13T15:40:50.488581-04:00,head_turn_plus_wave,,2026-04-13T15:40:55.641372-04:00,0,,,,0,,1,5150.0,resumed_after_nonverbal
346,6,session_20260413_6_f35000,with_system,2026-04-13T15:41:00.835721-04:00,gaze_off_screen,2026-04-13T15:41:00.835721-04:00,head_turn_plus_wave,,2026-04-13T15:41:05.997691-04:00,0,,,,0,,1,5160.0,resumed_after_nonverbal
347,6,session_20260413_6_f35000,with_system,2026-04-13T15:41:41.230269-04:00,gaze_off_screen,2026-04-13T15:41:41.230269-04:00,head_turn_plus_wave,,2026-04-13T15:41:46.378696-04:00,0,,,,0,,1,5150.0,resumed_after_nonverbal
348,6,session_20260413_6_f35000,with_system,2026-04-13T15:42:07.654557-04:00,gaze_off_screen,2026-04-13T15:42:07.654557-04:00,head_turn_plus_wave,,2026-04-13T15:42:12.846741-04:00,0,,,,0,,1,5190.0,resumed_after_nonverbal
349,6,session_20260413_6_f35000,with_system,2026-04-13T15:43:20.256442-04:00,gaze_off_screen,2026-04-13T15:43:20.256442-04:00,head_turn_plus_wave,,2026-04-13T15:43:25.461685-04:00,1,2026-04-13T15:44:34.317075-04:00,context_aware,129,1,2026-04-13T15:44:34.317075-04:00,1,5210.0,resumed_after_voice
350,6,session_20260413_6_f35000,with_system,2026-04-13T15:47:12.044852-04:00,gaze_off_screen,2026-04-13T15:47:12.044852-04:00,head_turn_plus_wave,,2026-04-13T15:47:17.221622-04:00,0,,,,0,,1,5180.0,resumed_after_nonverbal
351,6,session_20260413_6_f35000,with_system,2026-04-13T15:48:18.140036-04:00,gaze_off_screen,2026-04-13T15:48:18.140036-04:00,head_turn_plus_wave,,2026-04-13T15:48:23.310391-04:00,0,,,,0,,1,5170.0,resumed_after_nonverbal
352,6,session_20260413_6_f35000,with_system,2026-04-13T15:48:35.874733-04:00,gaze_off_screen,2026-04-13T15:48:35.874733-04:00,head_turn_plus_wave,,2026-04-13T15:48:41.065284-04:00,0,,,,0,,1,5190.0,resumed_after_nonverbal
353,6,session_20260413_6_f35000,with_system,2026-04-13T15:48:53.675906-04:00,gaze_off_screen,2026-04-13T15:48:53.675906-04:00,head_turn_plus_wave,,2026-04-13T15:48:54.541877-04:00,0,,,,0,,1,870.0,resumed_after_nonverbal
354,6,session_20260413_6_f35000,with_system,2026-04-13T15:48:57.340611-04:00,gaze_off_screen,2026-04-13T15:48:57.340611-04:00,head_turn_plus_wave,,2026-04-13T15:49:02.518328-04:00,0,,,,0,,1,5180.0,resumed_after_nonverbal
355,6,session_20260413_6_f35000,with_system,2026-04-13T15:49:11.468698-04:00,gaze_off_screen,2026-04-13T15:49:11.468698-04:00,head_turn_plus_wave,,2026-04-13T15:49:16.618069-04:00,1,2026-04-13T15:50:25.272831-04:00,context_aware,99,1,2026-04-13T15:50:25.272831-04:00,1,5150.0,resumed_after_voice
356,6,session_20260413_6_f35000,with_system,2026-04-13T15:52:12.518342-04:00,gaze_off_screen,2026-04-13T15:52:12.518342-04:00,head_turn_plus_wave,,2026-04-13T15:52:17.656755-04:00,0,,,,0,,1,5140.0,resumed_after_nonverbal
357,6,session_20260413_6_f35000,with_system,2026-04-13T15:52:32.277221-04:00,gaze_off_screen,2026-04-13T15:52:32.277221-04:00,head_turn_plus_wave,,2026-04-13T15:52:37.453407-04:00,1,2026-04-13T15:53:45.382851-04:00,context_aware,106,1,2026-04-13T15:53:45.382851-04:00,1,5180.0,resumed_after_voice
358,wen,session_20260414_wen_3d77de,with_system,2026-04-14T23:09:23.440288-04:00,gaze_off_screen,2026-04-14T23:09:23.440288-04:00,head_turn_plus_wave,2026-04-14T23:09:38.429815-04:00,2026-04-14T23:09:41.520493-04:00,0,,,,0,,1,18080.0,resumed_after_nonverbal
359,wen,session_20260414_wen_3d77de,with_system,2026-04-14T23:09:48.598022-04:00,gaze_off_screen,2026-04-14T23:09:48.598022-04:00,head_turn_plus_wave,2026-04-14T23:09:50.552921-04:00,2026-04-14T23:09:50.587131-04:00,0,,,,0,,1,1990.0,resumed_after_nonverbal
360,wen,session_20260414_wen_3d77de,with_system,2026-04-14T23:09:52.326269-04:00,gaze_off_screen,2026-04-14T23:09:52.326269-04:00,head_turn_plus_wave,2026-04-14T23:09:54.135505-04:00,2026-04-14T23:09:54.177019-04:00,0,,,,0,,1,1850.0,resumed_after_nonverbal
361,wen,session_20260414_wen_3d77de,with_system,2026-04-14T23:09:56.117785-04:00,gaze_off_screen,2026-04-14T23:09:56.117785-04:00,head_turn_plus_wave,2026-04-14T23:09:57.861892-04:00,2026-04-14T23:09:57.902895-04:00,0,,,,0,,1,1790.0,resumed_after_nonverbal
362,wen,session_20260414_wen_3d77de,with_system,2026-04-14T23:10:03.723435-04:00,gaze_off_screen,2026-04-14T23:10:03.723435-04:00,head_turn_plus_wave,2026-04-14T23:10:18.630208-04:00,2026-04-14T23:10:20.673280-04:00,0,,,,0,,1,16950.0,resumed_after_nonverbal
363,wen,session_20260414_wen_3d77de,with_system,2026-04-14T23:10:36.435042-04:00,gaze_off_screen,2026-04-14T23:10:36.435042-04:00,head_turn_plus_wave,2026-04-14T23:10:51.303427-04:00,2026-04-14T23:10:54.279528-04:00,0,,,,0,,1,17840.0,resumed_after_nonverbal
364,wen,session_20260414_wen_3d77de,with_system,2026-04-14T23:11:03.704915-04:00,gaze_off_screen,2026-04-14T23:11:03.704915-04:00,head_turn_plus_wave,2026-04-14T23:11:17.191232-04:00,2026-04-14T23:11:17.229119-04:00,0,,,,0,,1,13520.0,resumed_after_nonverbal
365,wen,session_20260414_wen_3d77de,with_system,2026-04-14T23:11:24.894541-04:00,gaze_off_screen,2026-04-14T23:11:24.894541-04:00,head_turn_plus_wave,2026-04-14T23:11:27.167288-04:00,2026-04-14T23:11:27.211828-04:00,0,,,,0,,1,2320.0,resumed_after_nonverbal
366,wen,session_20260414_wen_3d77de,with_system,2026-04-14T23:11:31.426771-04:00,gaze_off_screen,2026-04-14T23:11:31.426771-04:00,head_turn_plus_wave,2026-04-14T23:11:36.953858-04:00,2026-04-14T23:11:36.996077-04:00,0,,,,0,,1,5570.0,resumed_after_nonverbal
367,wen,session_20260414_wen_3d77de,with_system,2026-04-14T23:11:41.389595-04:00,gaze_off_screen,2026-04-14T23:11:41.389595-04:00,head_turn_plus_wave,2026-04-14T23:11:57.347446-04:00,,0,,,,0,,0,,not_resumed
368,wen,session_20260414_wen_46fc6b,with_system,2026-04-14T23:14:45.073394-04:00,gaze_off_screen,2026-04-14T23:14:45.073394-04:00,head_turn_plus_wave,2026-04-14T23:14:59.423375-04:00,2026-04-14T23:15:00.958880-04:00,0,,,,0,,1,15890.0,resumed_after_nonverbal
369,wen,session_20260414_wen_46fc6b,with_system,2026-04-14T23:15:05.782277-04:00,gaze_off_screen,2026-04-14T23:15:05.782277-04:00,head_turn_plus_wave,2026-04-14T23:15:20.830406-04:00,2026-04-14T23:15:21.955525-04:00,0,,,,0,,1,16170.0,resumed_after_nonverbal
370,wen,session_20260414_wen_46fc6b,with_system,2026-04-14T23:15:27.836662-04:00,gaze_off_screen,2026-04-14T23:15:27.836662-04:00,head_turn_plus_wave,2026-04-14T23:15:31.717570-04:00,2026-04-14T23:15:31.761016-04:00,0,,,,0,,1,3920.0,resumed_after_nonverbal
371,wen,session_20260414_wen_6ae906,with_system,2026-04-14T21:15:08.444815-04:00,gaze_off_screen,2026-04-14T21:15:08.444815-04:00,head_turn_plus_wave,2026-04-14T21:15:10.117456-04:00,2026-04-14T21:15:10.313922-04:00,0,,,,0,,1,1870.0,resumed_after_nonverbal
372,wen,session_20260414_wen_6ae906,with_system,2026-04-14T21:15:25.779381-04:00,gaze_off_screen,2026-04-14T21:15:25.779381-04:00,head_turn_plus_wave,2026-04-14T21:15:26.806187-04:00,2026-04-14T21:15:26.849218-04:00,0,,,,0,,1,1070.0,resumed_after_nonverbal
373,wen,session_20260414_wen_6ae906,with_system,2026-04-14T21:15:27.156908-04:00,gaze_off_screen,2026-04-14T21:15:27.156908-04:00,head_turn_plus_wave,2026-04-14T21:15:32.966079-04:00,2026-04-14T21:15:33.620551-04:00,0,,,,0,,1,6460.0,resumed_after_nonverbal
374,wen,session_20260414_wen_6ae906,with_system,2026-04-14T21:15:42.614453-04:00,gaze_off_screen,2026-04-14T21:15:42.614453-04:00,head_turn_plus_wave,2026-04-14T21:15:48.433491-04:00,2026-04-14T21:15:49.086975-04:00,0,,,,0,,1,6470.0,resumed_after_nonverbal
375,wen,session_20260414_wen_6ae906,with_system,2026-04-14T21:15:55.161970-04:00,gaze_off_screen,2026-04-14T21:15:55.161970-04:00,head_turn_plus_wave,2026-04-14T21:16:00.954141-04:00,2026-04-14T21:16:02.205291-04:00,0,,,,0,,1,7040.0,resumed_after_nonverbal
376,wen,session_20260414_wen_6ae906,with_system,2026-04-14T21:16:10.903222-04:00,gaze_off_screen,2026-04-14T21:16:10.903222-04:00,head_turn_plus_wave,2026-04-14T21:16:16.991410-04:00,2026-04-14T21:16:18.572712-04:00,0,,,,0,,1,7670.0,resumed_after_nonverbal
377,wen,session_20260414_wen_6ae906,with_system,2026-04-14T21:22:39.391630-04:00,gaze_off_screen,2026-04-14T21:22:39.391630-04:00,head_turn_plus_wave,2026-04-14T21:22:45.424092-04:00,2026-04-14T21:22:50.550274-04:00,0,,,,0,,1,11160.0,resumed_after_nonverbal
378,wen,session_20260414_wen_6ae906,with_system,2026-04-14T21:22:58.756418-04:00,gaze_off_screen,2026-04-14T21:22:58.756418-04:00,head_turn_plus_wave,2026-04-14T21:23:04.661572-04:00,2026-04-14T21:23:08.908539-04:00,0,,,,0,,1,10150.0,resumed_after_nonverbal
379,wen,session_20260414_wen_6ae906,with_system,2026-04-14T21:23:21.493989-04:00,gaze_off_screen,2026-04-14T21:23:21.493989-04:00,head_turn_plus_wave,2026-04-14T21:23:26.629219-04:00,2026-04-14T21:23:26.674570-04:00,0,,,,0,,1,5180.0,resumed_after_nonverbal
380,wen,session_20260414_wen_6ae906,with_system,2026-04-14T21:23:38.760135-04:00,gaze_off_screen,2026-04-14T21:23:38.760135-04:00,head_turn_plus_wave,2026-04-14T21:23:40.330154-04:00,2026-04-14T21:23:40.364688-04:00,0,,,,0,,1,1600.0,resumed_after_nonverbal
381,wen,session_20260414_wen_6ae906,with_system,2026-04-14T21:23:40.364735-04:00,gaze_off_screen,2026-04-14T21:23:40.364735-04:00,head_turn_plus_wave,2026-04-14T21:23:45.423937-04:00,2026-04-14T21:23:45.652473-04:00,0,,,,0,,1,5290.0,resumed_after_nonverbal
382,wen,session_20260414_wen_6ae906,with_system,2026-04-14T21:23:48.217579-04:00,gaze_off_screen,2026-04-14T21:23:48.217579-04:00,head_turn_plus_wave,2026-04-14T21:23:54.695849-04:00,2026-04-14T21:24:00.384141-04:00,0,,,,0,,1,12170.0,resumed_after_nonverbal
383,wen,session_20260414_wen_6ae906,with_system,2026-04-14T21:24:32.795394-04:00,gaze_off_screen,2026-04-14T21:24:32.795394-04:00,head_turn_plus_wave,2026-04-14T21:24:38.659265-04:00,2026-04-14T21:24:51.491315-04:00,0,,,,0,,1,18700.0,resumed_after_nonverbal
384,wen,session_20260414_wen_6ae906,with_system,2026-04-14T21:24:58.988848-04:00,gaze_off_screen,2026-04-14T21:24:58.988848-04:00,head_turn_plus_wave,2026-04-14T21:25:04.763742-04:00,2026-04-14T21:26:12.983853-04:00,1,2026-04-14T21:26:05.641021-04:00,generic,60,1,2026-04-14T21:26:05.641021-04:00,1,74000.0,resumed_after_voice
385,wen,session_20260414_wen_6ae906,with_system,2026-04-14T21:26:18.954931-04:00,gaze_off_screen,2026-04-14T21:26:18.954931-04:00,head_turn_plus_wave,2026-04-14T21:26:20.040652-04:00,2026-04-14T21:26:20.088488-04:00,0,,,,0,,1,1130.0,resumed_after_nonverbal
386,wen,session_20260414_wen_6ae906,with_system,2026-04-14T21:26:23.776471-04:00,gaze_off_screen,2026-04-14T21:26:23.776471-04:00,head_turn_plus_wave,2026-04-14T21:26:24.189665-04:00,2026-04-14T21:26:24.264784-04:00,0,,,,0,,1,490.0,resumed_after_nonverbal
387,wen,session_20260414_wen_6ae906,with_system,2026-04-14T21:26:29.081105-04:00,gaze_off_screen,2026-04-14T21:26:29.081105-04:00,head_turn_plus_wave,2026-04-14T21:26:30.768639-04:00,2026-04-14T21:26:30.907851-04:00,0,,,,0,,1,1830.0,resumed_after_nonverbal
388,wen,session_20260414_wen_6ae906,with_system,2026-04-14T21:26:37.679654-04:00,gaze_off_screen,2026-04-14T21:26:37.679654-04:00,head_turn_plus_wave,2026-04-14T21:26:39.369970-04:00,2026-04-14T21:26:39.419598-04:00,0,,,,0,,1,1740.0,resumed_after_nonverbal
389,wen,session_20260414_wen_6ae906,with_system,2026-04-14T21:26:46.492827-04:00,gaze_off_screen,2026-04-14T21:26:46.492827-04:00,head_turn_plus_wave,2026-04-14T21:26:47.041390-04:00,2026-04-14T21:26:47.100761-04:00,0,,,,0,,1,610.0,resumed_after_nonverbal
390,wen,session_20260414_wen_6ae906,with_system,2026-04-14T21:26:47.100813-04:00,gaze_off_screen,2026-04-14T21:26:47.100813-04:00,head_turn_plus_wave,2026-04-14T21:26:48.343278-04:00,2026-04-14T21:26:48.388818-04:00,0,,,,0,,1,1290.0,resumed_after_nonverbal
391,wen,session_20260414_wen_6ae906,with_system,2026-04-14T21:26:54.339695-04:00,gaze_off_screen,2026-04-14T21:26:54.339695-04:00,head_turn_plus_wave,2026-04-14T21:27:00.990802-04:00,2026-04-14T21:27:09.683099-04:00,0,,,,0,,1,15340.0,resumed_after_nonverbal
392,wen,session_20260414_wen_6ae906,with_system,2026-04-14T21:28:27.794486-04:00,gaze_off_screen,2026-04-14T21:28:27.794486-04:00,head_turn_plus_wave,2026-04-14T21:28:34.180839-04:00,2026-04-14T21:28:36.165299-04:00,0,,,,0,,1,8370.0,resumed_after_nonverbal
393,wen,session_20260414_wen_6ae906,with_system,2026-04-14T21:28:42.785751-04:00,gaze_off_screen,2026-04-14T21:28:42.785751-04:00,head_turn_plus_wave,2026-04-14T21:28:48.356647-04:00,2026-04-14T21:28:48.757887-04:00,0,,,,0,,1,5970.0,resumed_after_nonverbal
394,wen,session_20260414_wen_6ae906,with_system,2026-04-14T21:28:59.876928-04:00,gaze_off_screen,2026-04-14T21:28:59.876928-04:00,head_turn_plus_wave,2026-04-14T21:29:04.341445-04:00,2026-04-14T21:29:04.384412-04:00,0,,,,0,,1,4510.0,resumed_after_nonverbal
395,wen,session_20260414_wen_6ae906,with_system,2026-04-14T21:29:09.095846-04:00,gaze_off_screen,2026-04-14T21:29:09.095846-04:00,head_turn_plus_wave,2026-04-14T21:29:14.007803-04:00,2026-04-14T21:29:14.151075-04:00,0,,,,0,,1,5060.0,resumed_after_nonverbal
396,wen,session_20260414_wen_6ae906,with_system,2026-04-14T21:29:22.340147-04:00,gaze_off_screen,2026-04-14T21:29:22.340147-04:00,head_turn_plus_wave,2026-04-14T21:29:27.299274-04:00,2026-04-14T21:29:27.358667-04:00,0,,,,0,,1,5020.0,resumed_after_nonverbal
397,wen,session_20260414_wen_6ae906,with_system,2026-04-14T21:29:30.141405-04:00,gaze_off_screen,2026-04-14T21:29:30.141405-04:00,head_turn_plus_wave,2026-04-14T21:29:32.612368-04:00,2026-04-14T21:29:32.676471-04:00,0,,,,0,,1,2540.0,resumed_after_nonverbal
398,wen,session_20260414_wen_6ae906,with_system,2026-04-14T21:29:32.676516-04:00,gaze_off_screen,2026-04-14T21:29:32.676516-04:00,head_turn_plus_wave,2026-04-14T21:29:35.337432-04:00,2026-04-14T21:29:35.558713-04:00,0,,,,0,,1,2880.0,resumed_after_nonverbal
399,wen,session_20260414_wen_6ae906,with_system,2026-04-14T21:29:50.145271-04:00,gaze_off_screen,2026-04-14T21:29:50.145271-04:00,head_turn_plus_wave,2026-04-14T21:29:53.283397-04:00,2026-04-14T21:29:53.324249-04:00,0,,,,0,,1,3180.0,resumed_after_nonverbal
400,wen,session_20260414_wen_6ae906,with_system,2026-04-14T21:29:53.526979-04:00,gaze_off_screen,2026-04-14T21:29:53.526979-04:00,head_turn_plus_wave,2026-04-14T21:29:55.606063-04:00,2026-04-14T21:29:55.672021-04:00,0,,,,0,,1,2150.0,resumed_after_nonverbal
401,wen,session_20260414_wen_91c7db,with_system,2026-04-14T21:46:58.079274-04:00,gaze_off_screen,2026-04-14T21:46:58.079274-04:00,head_turn_plus_wave,2026-04-14T21:47:15.866866-04:00,2026-04-14T21:48:02.844401-04:00,0,,,,0,,1,64770.0,resumed_after_nonverbal
402,wen,session_20260414_wen_91c7db,with_system,2026-04-14T21:48:16.242295-04:00,gaze_off_screen,2026-04-14T21:48:16.242295-04:00,head_turn_plus_wave,2026-04-14T21:48:16.581996-04:00,2026-04-14T21:48:16.627344-04:00,0,,,,0,,1,390.0,resumed_after_nonverbal
403,wen,session_20260414_wen_91c7db,with_system,2026-04-14T21:48:16.627413-04:00,gaze_off_screen,2026-04-14T21:48:16.627413-04:00,head_turn_plus_wave,2026-04-14T21:48:16.783533-04:00,2026-04-14T21:48:16.825492-04:00,0,,,,0,,1,200.0,resumed_after_nonverbal
404,wen,session_20260414_wen_91c7db,with_system,2026-04-14T21:48:16.825550-04:00,gaze_off_screen,2026-04-14T21:48:16.825550-04:00,head_turn_plus_wave,2026-04-14T21:48:26.642414-04:00,2026-04-14T21:48:26.685052-04:00,0,,,,0,,1,9860.0,resumed_after_nonverbal
405,wen,session_20260414_wen_91c7db,with_system,2026-04-14T21:48:26.685099-04:00,gaze_off_screen,2026-04-14T21:48:26.685099-04:00,head_turn_plus_wave,2026-04-14T21:48:30.751137-04:00,2026-04-14T21:48:30.787080-04:00,0,,,,0,,1,4100.0,resumed_after_nonverbal
406,wen,session_20260414_wen_91c7db,with_system,2026-04-14T21:48:30.787133-04:00,gaze_off_screen,2026-04-14T21:48:30.787133-04:00,head_turn_plus_wave,2026-04-14T21:48:34.094538-04:00,2026-04-14T21:48:34.174591-04:00,0,,,,0,,1,3390.0,resumed_after_nonverbal
407,wen,session_20260414_wen_91c7db,with_system,2026-04-14T21:49:40.522868-04:00,gaze_off_screen,2026-04-14T21:49:40.522868-04:00,head_turn_plus_wave,2026-04-14T21:49:42.569411-04:00,2026-04-14T21:49:42.604935-04:00,0,,,,0,,1,2080.0,resumed_after_nonverbal
408,wen,session_20260414_wen_91c7db,with_system,2026-04-14T21:49:43.841579-04:00,gaze_off_screen,2026-04-14T21:49:43.841579-04:00,head_turn_plus_wave,2026-04-14T21:49:52.053892-04:00,2026-04-14T21:49:52.104847-04:00,0,,,,0,,1,8260.0,resumed_after_nonverbal
409,wen,session_20260414_wen_91c7db,with_system,2026-04-14T21:49:52.311225-04:00,gaze_off_screen,2026-04-14T21:49:52.311225-04:00,head_turn_plus_wave,2026-04-14T21:49:52.557473-04:00,2026-04-14T21:49:52.593527-04:00,0,,,,0,,1,280.0,resumed_after_nonverbal
410,wen,session_20260414_wen_91c7db,with_system,2026-04-14T21:49:52.593580-04:00,gaze_off_screen,2026-04-14T21:49:52.593580-04:00,head_turn_plus_wave,2026-04-14T21:50:09.941770-04:00,2026-04-14T21:50:11.273303-04:00,0,,,,0,,1,18680.0,resumed_after_nonverbal
411,wen,session_20260414_wen_91c7db,with_system,2026-04-14T21:50:14.760344-04:00,gaze_off_screen,2026-04-14T21:50:14.760344-04:00,head_turn_plus_wave,2026-04-14T21:50:33.370028-04:00,2026-04-14T21:50:35.837341-04:00,0,,,,0,,1,21080.0,resumed_after_nonverbal
412,wen,session_20260414_wen_91c7db,with_system,2026-04-14T21:50:42.977827-04:00,gaze_off_screen,2026-04-14T21:50:42.977827-04:00,head_turn_plus_wave,2026-04-14T21:50:43.491578-04:00,2026-04-14T21:50:43.544845-04:00,0,,,,0,,1,570.0,resumed_after_nonverbal
413,wen,session_20260414_wen_91c7db,with_system,2026-04-14T21:50:43.544890-04:00,gaze_off_screen,2026-04-14T21:50:43.544890-04:00,head_turn_plus_wave,2026-04-14T21:50:43.879018-04:00,2026-04-14T21:50:43.926154-04:00,0,,,,0,,1,380.0,resumed_after_nonverbal
414,wen,session_20260414_wen_91c7db,with_system,2026-04-14T21:50:43.926204-04:00,gaze_off_screen,2026-04-14T21:50:43.926204-04:00,head_turn_plus_wave,2026-04-14T21:51:01.358425-04:00,2026-04-14T21:51:06.900618-04:00,0,,,,0,,1,22970.0,resumed_after_nonverbal
415,wen,session_20260414_wen_91c7db,with_system,2026-04-14T21:51:15.308096-04:00,gaze_off_screen,2026-04-14T21:51:15.308096-04:00,head_turn_plus_wave,2026-04-14T21:51:19.682761-04:00,2026-04-14T21:51:19.722297-04:00,0,,,,0,,1,4410.0,resumed_after_nonverbal
416,wen,session_20260414_wen_91c7db,with_system,2026-04-14T21:59:23.789239-04:00,gaze_off_screen,2026-04-14T21:59:23.789239-04:00,head_turn_plus_wave,2026-04-14T21:59:26.260100-04:00,2026-04-14T21:59:26.302650-04:00,0,,,,0,,1,2510.0,resumed_after_nonverbal
417,wen,session_20260414_wen_91c7db,with_system,2026-04-14T21:59:30.922757-04:00,gaze_off_screen,2026-04-14T21:59:30.922757-04:00,head_turn_plus_wave,2026-04-14T21:59:31.170611-04:00,2026-04-14T21:59:31.210922-04:00,0,,,,0,,1,290.0,resumed_after_nonverbal
418,wen,session_20260414_wen_91c7db,with_system,2026-04-14T21:59:31.210973-04:00,gaze_off_screen,2026-04-14T21:59:31.210973-04:00,head_turn_plus_wave,2026-04-14T21:59:31.368689-04:00,2026-04-14T21:59:31.415235-04:00,0,,,,0,,1,200.0,resumed_after_nonverbal
419,wen,session_20260414_wen_91c7db,with_system,2026-04-14T21:59:31.415285-04:00,gaze_off_screen,2026-04-14T21:59:31.415285-04:00,head_turn_plus_wave,2026-04-14T21:59:31.639629-04:00,2026-04-14T21:59:31.705974-04:00,0,,,,0,,1,290.0,resumed_after_nonverbal
420,wen,session_20260414_wen_91c7db,with_system,2026-04-14T21:59:31.706027-04:00,gaze_off_screen,2026-04-14T21:59:31.706027-04:00,head_turn_plus_wave,2026-04-14T21:59:36.094965-04:00,2026-04-14T21:59:36.130159-04:00,0,,,,0,,1,4420.0,resumed_after_nonverbal
421,wen,session_20260414_wen_91c7db,with_system,2026-04-14T21:59:36.130202-04:00,gaze_off_screen,2026-04-14T21:59:36.130202-04:00,head_turn_plus_wave,,,0,,,,0,,0,,not_resumed
422,wen,session_20260414_wen_e19c74,with_system,2026-04-14T22:02:59.907151-04:00,gaze_off_screen,2026-04-14T22:02:59.907151-04:00,head_turn_plus_wave,2026-04-14T22:03:17.405060-04:00,2026-04-14T22:03:33.282098-04:00,0,,,,0,,1,33370.0,resumed_after_nonverbal
423,wen,session_20260414_wen_e19c74,with_system,2026-04-14T22:03:33.488805-04:00,gaze_off_screen,2026-04-14T22:03:33.488805-04:00,head_turn_plus_wave,2026-04-14T22:03:34.174351-04:00,2026-04-14T22:03:34.214054-04:00,0,,,,0,,1,730.0,resumed_after_nonverbal
424,wen,session_20260414_wen_e19c74,with_system,2026-04-14T22:03:34.214168-04:00,gaze_off_screen,2026-04-14T22:03:34.214168-04:00,head_turn_plus_wave,2026-04-14T22:03:51.601423-04:00,2026-04-14T22:03:54.681206-04:00,0,,,,0,,1,20470.0,resumed_after_nonverbal
425,wen,session_20260414_wen_e19c74,with_system,2026-04-14T22:04:00.199806-04:00,gaze_off_screen,2026-04-14T22:04:00.199806-04:00,head_turn_plus_wave,2026-04-14T22:04:00.798651-04:00,2026-04-14T22:04:00.844144-04:00,0,,,,0,,1,640.0,resumed_after_nonverbal
426,wen,session_20260414_wen_e19c74,with_system,2026-04-14T22:04:00.844195-04:00,gaze_off_screen,2026-04-14T22:04:00.844195-04:00,head_turn_plus_wave,2026-04-14T22:04:03.554974-04:00,2026-04-14T22:04:03.584800-04:00,0,,,,0,,1,2740.0,resumed_after_nonverbal
427,wen,session_20260414_wen_e19c74,with_system,2026-04-14T22:04:03.888924-04:00,gaze_off_screen,2026-04-14T22:04:03.888924-04:00,head_turn_plus_wave,2026-04-14T22:04:04.180775-04:00,2026-04-14T22:04:04.226362-04:00,0,,,,0,,1,340.0,resumed_after_nonverbal
428,wen,session_20260414_wen_e19c74,with_system,2026-04-14T22:04:04.635711-04:00,gaze_off_screen,2026-04-14T22:04:04.635711-04:00,head_turn_plus_wave,2026-04-14T22:04:05.195319-04:00,2026-04-14T22:04:05.243682-04:00,0,,,,0,,1,610.0,resumed_after_nonverbal
429,wen,session_20260414_wen_e19c74,with_system,2026-04-14T22:04:05.243740-04:00,gaze_off_screen,2026-04-14T22:04:05.243740-04:00,head_turn_plus_wave,2026-04-14T22:04:05.583718-04:00,2026-04-14T22:04:05.638372-04:00,0,,,,0,,1,390.0,resumed_after_nonverbal
430,wen,session_20260414_wen_e19c74,with_system,2026-04-14T22:04:05.638457-04:00,gaze_off_screen,2026-04-14T22:04:05.638457-04:00,head_turn_plus_wave,2026-04-14T22:04:05.869107-04:00,2026-04-14T22:04:05.912084-04:00,0,,,,0,,1,270.0,resumed_after_nonverbal
431,wen,session_20260414_wen_e19c74,with_system,2026-04-14T22:04:06.115463-04:00,gaze_off_screen,2026-04-14T22:04:06.115463-04:00,head_turn_plus_wave,2026-04-14T22:04:07.852800-04:00,2026-04-14T22:04:07.893789-04:00,0,,,,0,,1,1780.0,resumed_after_nonverbal
432,wen,session_20260414_wen_e19c74,with_system,2026-04-14T22:04:07.893842-04:00,gaze_off_screen,2026-04-14T22:04:07.893842-04:00,head_turn_plus_wave,2026-04-14T22:04:08.069339-04:00,2026-04-14T22:04:08.111433-04:00,0,,,,0,,1,220.0,resumed_after_nonverbal
433,wen,session_20260414_wen_e19c74,with_system,2026-04-14T22:04:08.216547-04:00,gaze_off_screen,2026-04-14T22:04:08.216547-04:00,head_turn_plus_wave,2026-04-14T22:04:25.292723-04:00,2026-04-14T22:04:26.002490-04:00,0,,,,0,,1,17790.0,resumed_after_nonverbal
434,wen,session_20260414_wen_e19c74,with_system,2026-04-14T22:04:30.321585-04:00,gaze_off_screen,2026-04-14T22:04:30.321585-04:00,head_turn_plus_wave,2026-04-14T22:04:30.770229-04:00,2026-04-14T22:04:30.814874-04:00,0,,,,0,,1,490.0,resumed_after_nonverbal
435,wen,session_20260414_wen_e19c74,with_system,2026-04-14T22:04:30.814924-04:00,gaze_off_screen,2026-04-14T22:04:30.814924-04:00,head_turn_plus_wave,2026-04-14T22:04:48.218320-04:00,2026-04-14T22:05:33.845148-04:00,0,,,,0,,1,63030.0,resumed_after_nonverbal
436,wen,session_20260414_wen_e19c74,with_system,2026-04-14T22:05:39.363103-04:00,gaze_off_screen,2026-04-14T22:05:39.363103-04:00,head_turn_plus_wave,2026-04-14T22:05:39.794215-04:00,2026-04-14T22:05:39.839805-04:00,0,,,,0,,1,480.0,resumed_after_nonverbal
437,wen,session_20260414_wen_e19c74,with_system,2026-04-14T22:05:39.839858-04:00,gaze_off_screen,2026-04-14T22:05:39.839858-04:00,head_turn_plus_wave,2026-04-14T22:05:43.499440-04:00,2026-04-14T22:05:43.543621-04:00,0,,,,0,,1,3700.0,resumed_after_nonverbal
438,wen,session_20260414_wen_e19c74,with_system,2026-04-14T22:05:48.351979-04:00,gaze_off_screen,2026-04-14T22:05:48.351979-04:00,head_turn_plus_wave,2026-04-14T22:05:51.291443-04:00,2026-04-14T22:05:51.334686-04:00,0,,,,0,,1,2980.0,resumed_after_nonverbal
439,wen,session_20260414_wen_e19c74,with_system,2026-04-14T22:05:55.344821-04:00,gaze_off_screen,2026-04-14T22:05:55.344821-04:00,head_turn_plus_wave,2026-04-14T22:06:03.673059-04:00,2026-04-14T22:06:03.727124-04:00,0,,,,0,,1,8380.0,resumed_after_nonverbal
440,wen,session_20260414_wen_e19c74,with_system,2026-04-14T22:06:09.890583-04:00,gaze_off_screen,2026-04-14T22:06:09.890583-04:00,head_turn_plus_wave,2026-04-14T22:06:12.604454-04:00,2026-04-14T22:06:12.857870-04:00,0,,,,0,,1,2970.0,resumed_after_nonverbal
441,wen,session_20260414_wen_e19c74,with_system,2026-04-14T22:06:15.529369-04:00,gaze_off_screen,2026-04-14T22:06:15.529369-04:00,head_turn_plus_wave,2026-04-14T22:06:15.951025-04:00,2026-04-14T22:06:15.986359-04:00,0,,,,0,,1,460.0,resumed_after_nonverbal
442,wen,session_20260414_wen_e19c74,with_system,2026-04-14T22:06:15.986419-04:00,gaze_off_screen,2026-04-14T22:06:15.986419-04:00,head_turn_plus_wave,2026-04-14T22:06:16.332218-04:00,2026-04-14T22:06:16.386912-04:00,0,,,,0,,1,400.0,resumed_after_nonverbal
443,wen,session_20260414_wen_e19c74,with_system,2026-04-14T22:06:16.386971-04:00,gaze_off_screen,2026-04-14T22:06:16.386971-04:00,head_turn_plus_wave,2026-04-14T22:06:16.615027-04:00,2026-04-14T22:06:16.661727-04:00,0,,,,0,,1,270.0,resumed_after_nonverbal
444,wen,session_20260414_wen_e19c74,with_system,2026-04-14T22:06:16.661786-04:00,gaze_off_screen,2026-04-14T22:06:16.661786-04:00,head_turn_plus_wave,2026-04-14T22:06:33.733157-04:00,2026-04-14T22:06:34.242066-04:00,0,,,,0,,1,17580.0,resumed_after_nonverbal
445,wen,session_20260414_wen_e19c74,with_system,2026-04-14T22:06:42.146399-04:00,gaze_off_screen,2026-04-14T22:06:42.146399-04:00,head_turn_plus_wave,2026-04-14T22:06:44.637449-04:00,2026-04-14T22:06:44.680108-04:00,0,,,,0,,1,2530.0,resumed_after_nonverbal
446,wen,session_20260414_wen_e19c74,with_system,2026-04-14T22:07:18.794181-04:00,gaze_off_screen,2026-04-14T22:07:18.794181-04:00,head_turn_plus_wave,2026-04-14T22:07:25.379436-04:00,2026-04-14T22:07:25.420293-04:00,0,,,,0,,1,6630.0,resumed_after_nonverbal
447,wen,session_20260414_wen_e19c74,with_system,2026-04-14T22:07:44.013115-04:00,gaze_off_screen,2026-04-14T22:07:44.013115-04:00,head_turn_plus_wave,2026-04-14T22:07:44.733924-04:00,2026-04-14T22:07:44.777090-04:00,0,,,,0,,1,760.0,resumed_after_nonverbal
448,wen,session_20260414_wen_e19c74,with_system,2026-04-14T22:07:46.943046-04:00,gaze_off_screen,2026-04-14T22:07:46.943046-04:00,head_turn_plus_wave,2026-04-14T22:07:49.550428-04:00,2026-04-14T22:07:49.584208-04:00,0,,,,0,,1,2640.0,resumed_after_nonverbal
449,wen,session_20260414_wen_e19c74,with_system,2026-04-14T22:07:51.745468-04:00,gaze_off_screen,2026-04-14T22:07:51.745468-04:00,head_turn_plus_wave,2026-04-14T22:07:56.366177-04:00,2026-04-14T22:07:56.417708-04:00,0,,,,0,,1,4670.0,resumed_after_nonverbal
450,wen,session_20260414_wen_e19c74,with_system,2026-04-14T22:08:30.741458-04:00,gaze_off_screen,2026-04-14T22:08:30.741458-04:00,head_turn_plus_wave,2026-04-14T22:08:35.061800-04:00,2026-04-14T22:08:35.101218-04:00,0,,,,0,,1,4360.0,resumed_after_nonverbal
451,wen,session_20260414_wen_e19c74,with_system,2026-04-14T22:08:58.556747-04:00,gaze_off_screen,2026-04-14T22:08:58.556747-04:00,head_turn_plus_wave,2026-04-14T22:08:58.856075-04:00,2026-04-14T22:08:58.900466-04:00,0,,,,0,,1,340.0,resumed_after_nonverbal
452,wen,session_20260414_wen_e19c74,with_system,2026-04-14T22:08:58.900535-04:00,gaze_off_screen,2026-04-14T22:08:58.900535-04:00,head_turn_plus_wave,2026-04-14T22:08:59.148278-04:00,2026-04-14T22:08:59.183908-04:00,0,,,,0,,1,280.0,resumed_after_nonverbal
453,wen,session_20260414_wen_e19c74,with_system,2026-04-14T22:08:59.183975-04:00,gaze_off_screen,2026-04-14T22:08:59.183975-04:00,head_turn_plus_wave,2026-04-14T22:08:59.512893-04:00,2026-04-14T22:08:59.556418-04:00,0,,,,0,,1,370.0,resumed_after_nonverbal
454,wen,session_20260414_wen_e19c74,with_system,2026-04-14T22:08:59.556519-04:00,gaze_off_screen,2026-04-14T22:08:59.556519-04:00,head_turn_plus_wave,2026-04-14T22:09:01.557633-04:00,2026-04-14T22:09:01.599904-04:00,0,,,,0,,1,2040.0,resumed_after_nonverbal
455,wen,session_20260414_wen_e19c74,with_system,2026-04-14T22:10:00.687061-04:00,gaze_off_screen,2026-04-14T22:10:00.687061-04:00,head_turn_plus_wave,2026-04-14T22:10:02.657299-04:00,2026-04-14T22:10:02.692600-04:00,0,,,,0,,1,2010.0,resumed_after_nonverbal
456,wen,session_20260414_wen_e19c74,with_system,2026-04-14T22:10:02.692677-04:00,gaze_off_screen,2026-04-14T22:10:02.692677-04:00,head_turn_plus_wave,2026-04-14T22:10:02.911974-04:00,2026-04-14T22:10:02.949714-04:00,0,,,,0,,1,260.0,resumed_after_nonverbal
457,wen,session_20260414_wen_e19c74,with_system,2026-04-14T22:10:02.949771-04:00,gaze_off_screen,2026-04-14T22:10:02.949771-04:00,head_turn_plus_wave,2026-04-14T22:10:03.127335-04:00,2026-04-14T22:10:03.162599-04:00,0,,,,0,,1,210.0,resumed_after_nonverbal
458,wen,session_20260414_wen_e19c74,with_system,2026-04-14T22:10:03.162681-04:00,gaze_off_screen,2026-04-14T22:10:03.162681-04:00,head_turn_plus_wave,2026-04-14T22:10:03.398109-04:00,2026-04-14T22:10:03.440746-04:00,0,,,,0,,1,280.0,resumed_after_nonverbal
459,wen,session_20260414_wen_e19c74,with_system,2026-04-14T22:10:03.440812-04:00,gaze_off_screen,2026-04-14T22:10:03.440812-04:00,head_turn_plus_wave,2026-04-14T22:10:03.696683-04:00,2026-04-14T22:10:03.739987-04:00,0,,,,0,,1,300.0,resumed_after_nonverbal
460,wen,session_20260414_wen_e19c74,with_system,2026-04-14T22:10:03.740056-04:00,gaze_off_screen,2026-04-14T22:10:03.740056-04:00,head_turn_plus_wave,2026-04-14T22:10:03.955029-04:00,2026-04-14T22:10:03.993597-04:00,0,,,,0,,1,250.0,resumed_after_nonverbal
461,wen,session_20260414_wen_e19c74,with_system,2026-04-14T22:10:03.993664-04:00,gaze_off_screen,2026-04-14T22:10:03.993664-04:00,head_turn_plus_wave,2026-04-14T22:10:04.216392-04:00,2026-04-14T22:10:04.254553-04:00,0,,,,0,,1,260.0,resumed_after_nonverbal
462,wen,session_20260414_wen_e19c74,with_system,2026-04-14T22:10:04.254616-04:00,gaze_off_screen,2026-04-14T22:10:04.254616-04:00,head_turn_plus_wave,2026-04-14T22:10:04.494310-04:00,2026-04-14T22:10:04.538946-04:00,0,,,,0,,1,280.0,resumed_after_nonverbal
463,wen,session_20260414_wen_e19c74,with_system,2026-04-14T22:10:04.539019-04:00,gaze_off_screen,2026-04-14T22:10:04.539019-04:00,head_turn_plus_wave,2026-04-14T22:10:17.984419-04:00,2026-04-14T22:10:18.027067-04:00,0,,,,0,,1,13490.0,resumed_after_nonverbal
464,wen,session_20260414_wen_e19c74,with_system,2026-04-14T22:10:18.027223-04:00,gaze_off_screen,2026-04-14T22:10:18.027223-04:00,head_turn_plus_wave,2026-04-14T22:10:34.948934-04:00,2026-04-14T22:10:55.013467-04:00,0,,,,0,,1,36990.0,resumed_after_nonverbal
465,wen,session_20260414_wen_e19c74,with_system,2026-04-14T22:10:55.116672-04:00,gaze_off_screen,2026-04-14T22:10:55.116672-04:00,head_turn_plus_wave,2026-04-14T22:10:58.275578-04:00,2026-04-14T22:10:58.313547-04:00,0,,,,0,,1,3200.0,resumed_after_nonverbal
466,wen,session_20260414_wen_e19c74,with_system,2026-04-14T22:11:28.881919-04:00,gaze_off_screen,2026-04-14T22:11:28.881919-04:00,head_turn_plus_wave,2026-04-14T22:11:29.213245-04:00,2026-04-14T22:11:29.256874-04:00,0,,,,0,,1,370.0,resumed_after_nonverbal
467,wen,session_20260414_wen_e19c74,with_system,2026-04-14T22:11:29.257013-04:00,gaze_off_screen,2026-04-14T22:11:29.257013-04:00,head_turn_plus_wave,2026-04-14T22:11:29.491879-04:00,2026-04-14T22:11:29.538389-04:00,0,,,,0,,1,280.0,resumed_after_nonverbal
468,wen,session_20260414_wen_e19c74,with_system,2026-04-14T22:11:29.538565-04:00,gaze_off_screen,2026-04-14T22:11:29.538565-04:00,head_turn_plus_wave,2026-04-14T22:11:29.767921-04:00,2026-04-14T22:11:29.813759-04:00,0,,,,0,,1,280.0,resumed_after_nonverbal
469,wen,session_20260414_wen_e19c74,with_system,2026-04-14T22:11:29.813878-04:00,gaze_off_screen,2026-04-14T22:11:29.813878-04:00,head_turn_plus_wave,2026-04-14T22:11:30.039267-04:00,2026-04-14T22:11:30.075629-04:00,0,,,,0,,1,260.0,resumed_after_nonverbal
470,wen,session_20260414_wen_e19c74,with_system,2026-04-14T22:11:30.075913-04:00,gaze_off_screen,2026-04-14T22:11:30.075913-04:00,head_turn_plus_wave,2026-04-14T22:11:30.308114-04:00,2026-04-14T22:11:30.341561-04:00,0,,,,0,,1,270.0,resumed_after_nonverbal
471,wen,session_20260414_wen_e19c74,with_system,2026-04-14T22:11:30.341632-04:00,gaze_off_screen,2026-04-14T22:11:30.341632-04:00,head_turn_plus_wave,2026-04-14T22:11:30.564387-04:00,2026-04-14T22:11:30.608429-04:00,0,,,,0,,1,270.0,resumed_after_nonverbal
472,wen,session_20260414_wen_e19c74,with_system,2026-04-14T22:11:30.608499-04:00,gaze_off_screen,2026-04-14T22:11:30.608499-04:00,head_turn_plus_wave,2026-04-14T22:11:30.846557-04:00,2026-04-14T22:11:30.908184-04:00,0,,,,0,,1,300.0,resumed_after_nonverbal
473,wen,session_20260414_wen_e19c74,with_system,2026-04-14T22:11:30.908306-04:00,gaze_off_screen,2026-04-14T22:11:30.908306-04:00,head_turn_plus_wave,2026-04-14T22:11:31.165615-04:00,2026-04-14T22:11:31.232931-04:00,0,,,,0,,1,320.0,resumed_after_nonverbal
474,wen,session_20260414_wen_e19c74,with_system,2026-04-14T22:11:31.233006-04:00,gaze_off_screen,2026-04-14T22:11:31.233006-04:00,head_turn_plus_wave,2026-04-14T22:11:31.400992-04:00,2026-04-14T22:11:31.454336-04:00,0,,,,0,,1,220.0,resumed_after_nonverbal
475,wen,session_20260414_wen_e19c74,with_system,2026-04-14T22:11:31.454490-04:00,gaze_off_screen,2026-04-14T22:11:31.454490-04:00,head_turn_plus_wave,2026-04-14T22:11:33.624016-04:00,2026-04-14T22:11:33.660057-04:00,0,,,,0,,1,2210.0,resumed_after_nonverbal
476,wen,session_20260414_wen_e19c74,with_system,2026-04-14T22:11:33.660132-04:00,gaze_off_screen,2026-04-14T22:11:33.660132-04:00,head_turn_plus_wave,2026-04-14T22:11:51.113862-04:00,,1,2026-04-14T22:12:51.576852-04:00,generic,60,1,2026-04-14T22:12:51.576852-04:00,0,,not_resumed
477,wenfei,session_20260414_wenfei_49421b,with_system,2026-04-14T23:01:13.662559-04:00,gaze_off_screen,2026-04-14T23:01:13.662559-04:00,head_turn_plus_wave,2026-04-14T23:01:27.483877-04:00,2026-04-14T23:01:27.660101-04:00,0,,,,0,,1,14000.0,resumed_after_nonverbal
478,wenfei,session_20260414_wenfei_49421b,with_system,2026-04-14T23:01:40.191587-04:00,gaze_off_screen,2026-04-14T23:01:40.191587-04:00,head_turn_plus_wave,2026-04-14T23:01:51.233525-04:00,2026-04-14T23:01:51.319968-04:00,0,,,,0,,1,11130.0,resumed_after_nonverbal
479,wenfei,session_20260414_wenfei_49421b,with_system,2026-04-14T23:01:58.108401-04:00,gaze_off_screen,2026-04-14T23:01:58.108401-04:00,head_turn_plus_wave,2026-04-14T23:02:02.529423-04:00,2026-04-14T23:02:02.699231-04:00,0,,,,0,,1,4590.0,resumed_after_nonverbal
480,wenfei,session_20260414_wenfei_49421b,with_system,2026-04-14T23:02:13.999116-04:00,gaze_off_screen,2026-04-14T23:02:13.999116-04:00,head_turn_plus_wave,2026-04-14T23:02:28.727122-04:00,2026-04-14T23:02:28.828394-04:00,0,,,,0,,1,14830.0,resumed_after_nonverbal
481,wenfei,session_20260414_wenfei_49421b,with_system,2026-04-14T23:02:32.813818-04:00,gaze_off_screen,2026-04-14T23:02:32.813818-04:00,head_turn_plus_wave,2026-04-14T23:02:47.668452-04:00,2026-04-14T23:02:50.653420-04:00,0,,,,0,,1,17840.0,resumed_after_nonverbal
482,wenfei,session_20260414_wenfei_49421b,with_system,2026-04-14T23:02:57.701800-04:00,gaze_off_screen,2026-04-14T23:02:57.701800-04:00,head_turn_plus_wave,2026-04-14T23:03:03.510133-04:00,2026-04-14T23:03:03.549867-04:00,0,,,,0,,1,5850.0,resumed_after_nonverbal
483,wenfei,session_20260414_wenfei_49421b,with_system,2026-04-14T23:03:13.816850-04:00,gaze_off_screen,2026-04-14T23:03:13.816850-04:00,head_turn_plus_wave,2026-04-14T23:03:18.374697-04:00,2026-04-14T23:03:18.420871-04:00,0,,,,0,,1,4600.0,resumed_after_nonverbal
484,wenfei,session_20260414_wenfei_b0d0d6,with_system,2026-04-14T22:38:53.978131-04:00,gaze_off_screen,2026-04-14T22:38:53.978131-04:00,head_turn_plus_wave,2026-04-14T22:39:09.729334-04:00,2026-04-14T22:39:12.288380-04:00,0,,,,0,,1,18310.0,resumed_after_nonverbal
485,wenfei,session_20260414_wenfei_b0d0d6,with_system,2026-04-14T22:39:14.834160-04:00,gaze_off_screen,2026-04-14T22:39:14.834160-04:00,head_turn_plus_wave,2026-04-14T22:39:15.225618-04:00,2026-04-14T22:39:15.262851-04:00,0,,,,0,,1,430.0,resumed_after_nonverbal
486,wenfei,session_20260414_wenfei_b0d0d6,with_system,2026-04-14T22:39:15.263008-04:00,gaze_off_screen,2026-04-14T22:39:15.263008-04:00,head_turn_plus_wave,2026-04-14T22:39:15.628452-04:00,2026-04-14T22:39:15.682171-04:00,0,,,,0,,1,420.0,resumed_after_nonverbal
487,wenfei,session_20260414_wenfei_b0d0d6,with_system,2026-04-14T22:39:15.682258-04:00,gaze_off_screen,2026-04-14T22:39:15.682258-04:00,head_turn_plus_wave,2026-04-14T22:39:20.665760-04:00,2026-04-14T22:39:20.784550-04:00,0,,,,0,,1,5100.0,resumed_after_nonverbal
488,wenfei,session_20260414_wenfei_b0d0d6,with_system,2026-04-14T22:39:30.297904-04:00,gaze_off_screen,2026-04-14T22:39:30.297904-04:00,head_turn_plus_wave,2026-04-14T22:39:33.557033-04:00,2026-04-14T22:39:33.601073-04:00,0,,,,0,,1,3300.0,resumed_after_nonverbal
489,wenfei,session_20260414_wenfei_b0d0d6,with_system,2026-04-14T22:39:37.277073-04:00,gaze_off_screen,2026-04-14T22:39:37.277073-04:00,head_turn_plus_wave,2026-04-14T22:39:42.016058-04:00,2026-04-14T22:39:42.067359-04:00,0,,,,0,,1,4790.0,resumed_after_nonverbal
490,wenfei,session_20260414_wenfei_b0d0d6,with_system,2026-04-14T22:39:45.351185-04:00,gaze_off_screen,2026-04-14T22:39:45.351185-04:00,head_turn_plus_wave,2026-04-14T22:39:45.648626-04:00,2026-04-14T22:39:45.689722-04:00,0,,,,0,,1,340.0,resumed_after_nonverbal
491,wenfei,session_20260414_wenfei_b0d0d6,with_system,2026-04-14T22:39:45.689777-04:00,gaze_off_screen,2026-04-14T22:39:45.689777-04:00,head_turn_plus_wave,2026-04-14T22:39:59.710001-04:00,2026-04-14T22:40:03.622548-04:00,0,,,,0,,1,17930.0,resumed_after_nonverbal
492,wenfei,session_20260414_wenfei_b0d0d6,with_system,2026-04-14T22:40:24.637439-04:00,gaze_off_screen,2026-04-14T22:40:24.637439-04:00,head_turn_plus_wave,2026-04-14T22:40:32.251045-04:00,2026-04-14T22:40:32.299493-04:00,0,,,,0,,1,7660.0,resumed_after_nonverbal
493,wenfei,session_20260414_wenfei_b0d0d6,with_system,2026-04-14T22:40:36.807134-04:00,gaze_off_screen,2026-04-14T22:40:36.807134-04:00,head_turn_plus_wave,2026-04-14T22:40:37.310626-04:00,2026-04-14T22:40:37.364817-04:00,0,,,,0,,1,560.0,resumed_after_nonverbal
494,稳,session_20260414_稳_e9a391,with_system,2026-04-14T22:17:30.748164-04:00,gaze_off_screen,2026-04-14T22:17:30.748164-04:00,head_turn_plus_wave,2026-04-14T22:17:35.283305-04:00,2026-04-14T22:17:35.326565-04:00,0,,,,0,,1,4580.0,resumed_after_nonverbal
495,稳,session_20260414_稳_e9a391,with_system,2026-04-14T22:17:39.612187-04:00,gaze_off_screen,2026-04-14T22:17:39.612187-04:00,head_turn_plus_wave,2026-04-14T22:17:48.310377-04:00,2026-04-14T22:17:51.516875-04:00,0,,,,0,,1,11900.0,resumed_after_nonverbal
496,稳,session_20260414_稳_e9a391,with_system,2026-04-14T22:17:56.544356-04:00,gaze_off_screen,2026-04-14T22:17:56.544356-04:00,head_turn_plus_wave,2026-04-14T22:17:56.919850-04:00,2026-04-14T22:17:56.953532-04:00,0,,,,0,,1,410.0,resumed_after_nonverbal
497,稳,session_20260414_稳_e9a391,with_system,2026-04-14T22:17:56.953586-04:00,gaze_off_screen,2026-04-14T22:17:56.953586-04:00,head_turn_plus_wave,2026-04-14T22:18:04.994045-04:00,2026-04-14T22:18:11.558430-04:00,0,,,,0,,1,14600.0,resumed_after_nonverbal
498,稳,session_20260414_稳_e9a391,with_system,2026-04-14T22:18:15.861972-04:00,gaze_off_screen,2026-04-14T22:18:15.861972-04:00,head_turn_plus_wave,2026-04-14T22:18:19.122036-04:00,2026-04-14T22:18:19.156836-04:00,0,,,,0,,1,3290.0,resumed_after_nonverbal
499,稳,session_20260414_稳_e9a391,with_system,2026-04-14T22:18:23.765921-04:00,gaze_off_screen,2026-04-14T22:18:23.765921-04:00,head_turn_plus_wave,2026-04-14T22:18:32.150997-04:00,,0,,,,0,,0,,not_resumed
500,纹,session_20260414_纹_7ee6e5,with_system,2026-04-14T22:24:46.031471-04:00,gaze_off_screen,2026-04-14T22:24:46.031471-04:00,head_turn_plus_wave,2026-04-14T22:25:02.384309-04:00,2026-04-14T22:25:08.244989-04:00,0,,,,0,,1,22210.0,resumed_after_nonverbal
501,纹,session_20260414_纹_7ee6e5,with_system,2026-04-14T22:25:13.577712-04:00,gaze_off_screen,2026-04-14T22:25:13.577712-04:00,head_turn_plus_wave,2026-04-14T22:25:14.216455-04:00,2026-04-14T22:25:14.394731-04:00,0,,,,0,,1,820.0,resumed_after_nonverbal
502,纹,session_20260414_纹_7ee6e5,with_system,2026-04-14T22:25:14.394806-04:00,gaze_off_screen,2026-04-14T22:25:14.394806-04:00,head_turn_plus_wave,2026-04-14T22:25:31.214801-04:00,2026-04-14T22:25:38.312024-04:00,0,,,,0,,1,23920.0,resumed_after_nonverbal
503,纹,session_20260414_纹_7ee6e5,with_system,2026-04-14T22:25:41.812010-04:00,gaze_off_screen,2026-04-14T22:25:41.812010-04:00,head_turn_plus_wave,2026-04-14T22:25:42.732132-04:00,2026-04-14T22:25:42.841179-04:00,0,,,,0,,1,1030.0,resumed_after_nonverbal
504,纹,session_20260414_纹_7ee6e5,with_system,2026-04-14T22:25:42.841245-04:00,gaze_off_screen,2026-04-14T22:25:42.841245-04:00,head_turn_plus_wave,2026-04-14T22:25:59.153042-04:00,2026-04-14T22:26:03.169577-04:00,0,,,,0,,1,20330.0,resumed_after_nonverbal
505,纹,session_20260414_纹_7ee6e5,with_system,2026-04-14T22:26:11.382187-04:00,gaze_off_screen,2026-04-14T22:26:11.382187-04:00,head_turn_plus_wave,2026-04-14T22:26:28.088241-04:00,2026-04-14T22:26:33.093536-04:00,0,,,,0,,1,21710.0,resumed_after_nonverbal
506,纹,session_20260414_纹_7ee6e5,with_system,2026-04-14T22:26:39.883764-04:00,gaze_off_screen,2026-04-14T22:26:39.883764-04:00,head_turn_plus_wave,2026-04-14T22:26:44.447314-04:00,2026-04-14T22:26:44.484739-04:00,0,,,,0,,1,4600.0,resumed_after_nonverbal
507,纹,session_20260414_纹_7ee6e5,with_system,2026-04-14T22:26:54.054516-04:00,gaze_off_screen,2026-04-14T22:26:54.054516-04:00,head_turn_plus_wave,2026-04-14T22:27:10.285037-04:00,,0,,,,0,,0,,not_resumed
508,MayaS,session_20260415_MayaS_3d6da2,with_system,2026-04-15T15:33:16.908591-04:00,gaze_off_screen,2026-04-15T15:33:16.908591-04:00,head_turn_plus_wave,2026-04-15T15:33:29.787761-04:00,2026-04-15T15:33:29.885043-04:00,0,,,,0,,1,12980.0,resumed_after_nonverbal
509,MayaS,session_20260415_MayaS_3d6da2,with_system,2026-04-15T15:33:42.858057-04:00,gaze_off_screen,2026-04-15T15:33:42.858057-04:00,head_turn_plus_wave,2026-04-15T15:33:55.020024-04:00,2026-04-15T15:34:03.642723-04:00,0,,,,0,,1,20780.0,resumed_after_nonverbal
510,MayaS,session_20260415_MayaS_3d6da2,with_system,2026-04-15T15:34:05.795932-04:00,gaze_off_screen,2026-04-15T15:34:05.795932-04:00,head_turn_plus_wave,2026-04-15T15:34:17.377602-04:00,2026-04-15T15:34:17.506314-04:00,0,,,,0,,1,11710.0,resumed_after_nonverbal
511,MayaS,session_20260415_MayaS_3d6da2,with_system,2026-04-15T15:34:25.826107-04:00,gaze_off_screen,2026-04-15T15:34:25.826107-04:00,head_turn_plus_wave,2026-04-15T15:34:40.238931-04:00,2026-04-15T15:35:36.379472-04:00,0,,,,0,,1,70550.0,resumed_after_nonverbal
512,MayaS,session_20260415_MayaS_3d6da2,with_system,2026-04-15T15:35:56.511544-04:00,gaze_off_screen,2026-04-15T15:35:56.511544-04:00,head_turn_plus_wave,2026-04-15T15:36:05.924884-04:00,2026-04-15T15:36:06.152298-04:00,0,,,,0,,1,9640.0,resumed_after_nonverbal
513,MayaS,session_20260415_MayaS_3d6da2,with_system,2026-04-15T15:36:15.077613-04:00,gaze_off_screen,2026-04-15T15:36:15.077613-04:00,head_turn_plus_wave,2026-04-15T15:36:27.479331-04:00,2026-04-15T15:36:30.855224-04:00,0,,,,0,,1,15780.0,resumed_after_nonverbal
514,MayaS,session_20260415_MayaS_3d6da2,with_system,2026-04-15T15:36:32.697019-04:00,gaze_off_screen,2026-04-15T15:36:32.697019-04:00,head_turn_plus_wave,2026-04-15T15:36:35.351042-04:00,2026-04-15T15:36:35.680959-04:00,0,,,,0,,1,2980.0,resumed_after_nonverbal
515,wenfei,session_20260415_wenfei_6932bf,with_system,2026-04-15T15:42:26.908271-04:00,gaze_off_screen,2026-04-15T15:42:26.908271-04:00,head_turn_plus_wave,2026-04-15T15:42:30.110185-04:00,2026-04-15T15:42:30.160973-04:00,0,,,,0,,1,3250.0,resumed_after_nonverbal
516,wenfei,session_20260415_wenfei_6932bf,with_system,2026-04-15T15:42:36.028595-04:00,gaze_off_screen,2026-04-15T15:42:36.028595-04:00,head_turn_plus_wave,2026-04-15T15:42:48.340839-04:00,2026-04-15T15:43:24.531587-04:00,0,,,,0,,1,48500.0,resumed_after_nonverbal
517,wenfei,session_20260415_wenfei_6932bf,with_system,2026-04-15T15:43:47.920904-04:00,gaze_off_screen,2026-04-15T15:43:47.920904-04:00,head_turn_plus_wave,2026-04-15T15:43:56.105371-04:00,2026-04-15T15:43:56.134683-04:00,0,,,,0,,1,8210.0,resumed_after_nonverbal
518,wenfei,session_20260415_wenfei_6932bf,with_system,2026-04-15T15:44:02.084871-04:00,gaze_off_screen,2026-04-15T15:44:02.084871-04:00,head_turn_plus_wave,2026-04-15T15:44:14.189232-04:00,2026-04-15T15:44:30.533618-04:00,0,,,,0,,1,28450.0,resumed_after_nonverbal
519,wenfei,session_20260415_wenfei_6932bf,with_system,2026-04-15T15:44:35.469478-04:00,gaze_off_screen,2026-04-15T15:44:35.469478-04:00,head_turn_plus_wave,2026-04-15T15:44:48.295171-04:00,2026-04-15T15:44:56.434172-04:00,0,,,,0,,1,20960.0,resumed_after_nonverbal
520,wenfei,session_20260415_wenfei_6932bf,with_system,2026-04-15T15:45:39.845207-04:00,gaze_off_screen,2026-04-15T15:45:39.845207-04:00,head_turn_plus_wave,2026-04-15T15:45:52.497156-04:00,2026-04-15T15:46:13.563040-04:00,0,,,,0,,1,33720.0,resumed_after_nonverbal
521,wenfei,session_20260415_wenfei_6932bf,with_system,2026-04-15T15:46:18.988560-04:00,gaze_off_screen,2026-04-15T15:46:18.988560-04:00,head_turn_plus_wave,2026-04-15T15:46:20.684490-04:00,2026-04-15T15:46:20.727036-04:00,0,,,,0,,1,1740.0,resumed_after_nonverbal
522,wenfei,session_20260415_wenfei_6932bf,with_system,2026-04-15T15:46:27.287173-04:00,gaze_off_screen,2026-04-15T15:46:27.287173-04:00,head_turn_plus_wave,2026-04-15T15:46:40.215528-04:00,2026-04-15T15:46:42.173060-04:00,0,,,,0,,1,14890.0,resumed_after_nonverbal
523,wenfei,session_20260415_wenfei_6932bf,with_system,2026-04-15T15:46:49.557705-04:00,gaze_off_screen,2026-04-15T15:46:49.557705-04:00,head_turn_plus_wave,2026-04-15T15:46:53.334288-04:00,2026-04-15T15:46:53.381033-04:00,0,,,,0,,1,3820.0,resumed_after_nonverbal
524,wenfei,session_20260415_wenfei_6932bf,with_system,2026-04-15T15:47:13.229169-04:00,gaze_off_screen,2026-04-15T15:47:13.229169-04:00,head_turn_plus_wave,2026-04-15T15:47:13.610075-04:00,2026-04-15T15:47:13.668582-04:00,0,,,,0,,1,440.0,resumed_after_nonverbal
525,wenfei,session_20260415_wenfei_6932bf,with_system,2026-04-15T15:47:15.516956-04:00,gaze_off_screen,2026-04-15T15:47:15.516956-04:00,head_turn_plus_wave,2026-04-15T15:47:26.011671-04:00,2026-04-15T15:47:26.063478-04:00,0,,,,0,,1,10550.0,resumed_after_nonverbal
526,wenfei,session_20260415_wenfei_6932bf,with_system,2026-04-15T15:48:10.752252-04:00,gaze_off_screen,2026-04-15T15:48:10.752252-04:00,head_turn_plus_wave,2026-04-15T15:48:17.532303-04:00,2026-04-15T15:48:17.702679-04:00,0,,,,0,,1,6950.0,resumed_after_nonverbal
527,wenfei,session_20260415_wenfei_950b81,with_system,2026-04-15T14:40:41.103761-04:00,gaze_off_screen,2026-04-15T14:40:41.103761-04:00,head_turn_plus_wave,2026-04-15T14:40:54.010681-04:00,2026-04-15T14:40:57.326786-04:00,0,,,,0,,1,16220.0,resumed_after_nonverbal
528,wenfei,session_20260415_wenfei_950b81,with_system,2026-04-15T14:48:06.458833-04:00,gaze_off_screen,2026-04-15T14:48:06.458833-04:00,head_turn_plus_wave,2026-04-15T14:48:18.561144-04:00,,0,,,,0,,0,,not_resumed
529,wenfei,session_20260415_wenfei_9bd4de,with_system,2026-04-15T14:52:08.710592-04:00,gaze_off_screen,2026-04-15T14:52:08.710592-04:00,head_turn_plus_wave,2026-04-15T14:52:24.177480-04:00,,1,2026-04-15T14:53:26.364543-04:00,context_aware,94,1,2026-04-15T14:53:26.364543-04:00,0,,not_resumed
530,wenfei,session_20260415_wenfei_b70173,with_system,2026-04-15T15:06:47.089692-04:00,gaze_off_screen,2026-04-15T15:06:47.089692-04:00,head_turn_plus_wave,2026-04-15T15:06:59.590507-04:00,2026-04-15T15:07:02.164091-04:00,0,,,,0,,1,15070.0,resumed_after_nonverbal
531,wenfei,session_20260415_wenfei_b70173,with_system,2026-04-15T15:07:11.712707-04:00,gaze_off_screen,2026-04-15T15:07:11.712707-04:00,head_turn_plus_wave,2026-04-15T15:07:24.250990-04:00,2026-04-15T15:09:54.275909-04:00,1,2026-04-15T15:08:25.844791-04:00,context_aware,117,1,2026-04-15T15:08:25.844791-04:00,0,162560.0,not_resumed
532,wenfei,session_20260415_wenfei_b70173,with_system,2026-04-15T15:09:56.830353-04:00,gaze_off_screen,2026-04-15T15:09:56.830353-04:00,head_turn_plus_wave,2026-04-15T15:10:09.422851-04:00,2026-04-15T15:10:13.435808-04:00,0,,,,0,,1,16610.0,resumed_after_nonverbal
533,wenfei,session_20260415_wenfei_b70173,with_system,2026-04-15T15:10:52.898946-04:00,gaze_off_screen,2026-04-15T15:10:52.898946-04:00,head_turn_plus_wave,2026-04-15T15:11:06.238865-04:00,2026-04-15T15:11:07.678232-04:00,0,,,,0,,1,14780.0,resumed_after_nonverbal
534,wenfei,session_20260416_wenfei_753072,with_system,2026-04-16T18:12:39.979062-04:00,gaze_off_screen,2026-04-16T18:12:39.979062-04:00,head_turn_plus_wave,2026-04-16T18:12:48.417500-04:00,2026-04-16T18:12:57.890401-04:00,0,,,,0,,1,17910.0,resumed_after_nonverbal
535,wenfei,session_20260416_wenfei_753072,with_system,2026-04-16T18:13:02.721445-04:00,gaze_off_screen,2026-04-16T18:13:02.721445-04:00,head_turn_plus_wave,2026-04-16T18:13:11.098123-04:00,2026-04-16T18:13:15.723586-04:00,0,,,,0,,1,13000.0,resumed_after_nonverbal
536,wenfei,session_20260416_wenfei_753072,with_system,2026-04-16T18:13:19.428603-04:00,gaze_off_screen,2026-04-16T18:13:19.428603-04:00,head_turn_plus_wave,2026-04-16T18:13:23.870778-04:00,2026-04-16T18:13:23.917927-04:00,0,,,,0,,1,4490.0,resumed_after_nonverbal
537,wenfei,session_20260416_wenfei_93c108,with_system,2026-04-16T17:45:01.794835-04:00,gaze_off_screen,2026-04-16T17:45:01.794835-04:00,head_turn_plus_wave,2026-04-16T17:45:10.765755-04:00,2026-04-16T17:45:16.540001-04:00,0,,,,0,,1,14750.0,resumed_after_nonverbal
538,wenfei,session_20260416_wenfei_93c108,with_system,2026-04-16T17:45:21.082061-04:00,gaze_off_screen,2026-04-16T17:45:21.082061-04:00,head_turn_plus_wave,2026-04-16T17:45:29.968151-04:00,2026-04-16T17:45:32.974776-04:00,0,,,,0,,1,11890.0,resumed_after_nonverbal
539,wenfei,session_20260416_wenfei_93c108,with_system,2026-04-16T17:45:36.584811-04:00,gaze_off_screen,2026-04-16T17:45:36.584811-04:00,head_turn_plus_wave,2026-04-16T17:45:45.249774-04:00,2026-04-16T17:45:45.765131-04:00,0,,,,0,,1,9180.0,resumed_after_nonverbal
540,wenfei,session_20260416_wenfei_93c108,with_system,2026-04-16T17:46:04.909589-04:00,gaze_off_screen,2026-04-16T17:46:04.909589-04:00,head_turn_plus_wave,2026-04-16T17:46:05.326004-04:00,2026-04-16T17:46:05.376210-04:00,0,,,,0,,1,470.0,resumed_after_nonverbal
541,wenfei,session_20260416_wenfei_93c108,with_system,2026-04-16T17:46:15.379192-04:00,gaze_off_screen,2026-04-16T17:46:15.379192-04:00,head_turn_plus_wave,2026-04-16T17:46:20.231660-04:00,2026-04-16T17:46:20.314345-04:00,0,,,,0,,1,4940.0,resumed_after_nonverbal
542,wenfei,session_20260416_wenfei_93c108,with_system,2026-04-16T17:46:26.188994-04:00,gaze_off_screen,2026-04-16T17:46:26.188994-04:00,head_turn_plus_wave,2026-04-16T17:46:34.888734-04:00,2026-04-16T17:46:40.558644-04:00,0,,,,0,,1,14370.0,resumed_after_nonverbal
543,wenfei,session_20260416_wenfei_93c108,with_system,2026-04-16T17:47:07.247543-04:00,gaze_off_screen,2026-04-16T17:47:07.247543-04:00,head_turn_plus_wave,2026-04-16T17:47:14.214772-04:00,2026-04-16T17:47:14.257581-04:00,0,,,,0,,1,7010.0,resumed_after_nonverbal
544,wenfei,session_20260416_wenfei_93c108,with_system,2026-04-16T17:50:26.738876-04:00,gaze_off_screen,2026-04-16T17:50:26.738876-04:00,head_turn_plus_wave,2026-04-16T17:50:29.952743-04:00,2026-04-16T17:50:30.010208-04:00,0,,,,0,,1,3270.0,resumed_after_nonverbal
545,wenfei,session_20260416_wenfei_93c108,with_system,2026-04-16T17:50:32.915138-04:00,gaze_off_screen,2026-04-16T17:50:32.915138-04:00,head_turn_plus_wave,2026-04-16T17:50:34.278395-04:00,2026-04-16T17:50:34.323264-04:00,0,,,,0,,1,1410.0,resumed_after_nonverbal
546,wenfei,session_20260416_wenfei_93c108,with_system,2026-04-16T17:50:36.498451-04:00,gaze_off_screen,2026-04-16T17:50:36.498451-04:00,head_turn_plus_wave,2026-04-16T17:50:45.046212-04:00,2026-04-16T17:50:48.247771-04:00,0,,,,0,,1,11750.0,resumed_after_nonverbal
547,wenfei,session_20260416_wenfei_93c108,with_system,2026-04-16T17:50:53.197574-04:00,gaze_off_screen,2026-04-16T17:50:53.197574-04:00,head_turn_plus_wave,2026-04-16T17:50:59.766984-04:00,2026-04-16T17:50:59.812947-04:00,0,,,,0,,1,6620.0,resumed_after_nonverbal
548,wenfei,session_20260416_wenfei_93c108,with_system,2026-04-16T17:51:04.947588-04:00,gaze_off_screen,2026-04-16T17:51:04.947588-04:00,head_turn_plus_wave,2026-04-16T17:51:11.437219-04:00,2026-04-16T17:51:11.481578-04:00,0,,,,0,,1,6530.0,resumed_after_nonverbal
549,wenfei,session_20260416_wenfei_d188c0,with_system,2026-04-16T17:57:23.434621-04:00,gaze_off_screen,2026-04-16T17:57:23.434621-04:00,head_turn_plus_wave,2026-04-16T17:57:32.166731-04:00,2026-04-16T18:00:18.530563-04:00,1,2026-04-16T17:58:32.682077-04:00,generic,60,1,2026-04-16T17:58:32.682077-04:00,0,175100.0,not_resumed
550,wenfei,session_20260416_wenfei_d188c0,with_system,2026-04-16T18:00:21.628730-04:00,gaze_off_screen,2026-04-16T18:00:21.628730-04:00,head_turn_plus_wave,2026-04-16T18:00:30.450546-04:00,2026-04-16T18:00:38.885423-04:00,0,,,,0,,1,17260.0,resumed_after_nonverbal
551,wenfei,session_20260416_wenfei_d188c0,with_system,2026-04-16T18:00:54.550541-04:00,gaze_off_screen,2026-04-16T18:00:54.550541-04:00,head_turn_plus_wave,2026-04-16T18:00:57.734349-04:00,2026-04-16T18:00:57.781161-04:00,0,,,,0,,1,3230.0,resumed_after_nonverbal
552,wenfei,session_20260416_wenfei_d188c0,with_system,2026-04-16T18:01:07.380391-04:00,gaze_off_screen,2026-04-16T18:01:07.380391-04:00,head_turn_plus_wave,2026-04-16T18:01:10.695363-04:00,2026-04-16T18:01:10.742318-04:00,0,,,,0,,1,3360.0,resumed_after_nonverbal
553,wenfei,session_20260416_wenfei_d188c0,with_system,2026-04-16T18:01:27.464933-04:00,gaze_off_screen,2026-04-16T18:01:27.464933-04:00,head_turn_plus_wave,2026-04-16T18:01:29.307261-04:00,2026-04-16T18:01:29.361362-04:00,0,,,,0,,1,1900.0,resumed_after_nonverbal
554,wenfei,session_20260416_wenfei_d188c0,with_system,2026-04-16T18:01:42.669166-04:00,gaze_off_screen,2026-04-16T18:01:42.669166-04:00,head_turn_plus_wave,2026-04-16T18:01:47.320042-04:00,2026-04-16T18:01:47.365985-04:00,0,,,,0,,1,4700.0,resumed_after_nonverbal
555,wenfei,session_20260416_wenfei_d188c0,with_system,2026-04-16T18:01:52.814866-04:00,gaze_off_screen,2026-04-16T18:01:52.814866-04:00,head_turn_plus_wave,2026-04-16T18:01:59.617812-04:00,2026-04-16T18:01:59.666446-04:00,0,,,,0,,1,6850.0,resumed_after_nonverbal
556,wenfei,session_20260416_wenfei_d188c0,with_system,2026-04-16T18:02:05.315595-04:00,gaze_off_screen,2026-04-16T18:02:05.315595-04:00,head_turn_plus_wave,2026-04-16T18:02:08.961287-04:00,2026-04-16T18:02:09.010494-04:00,0,,,,0,,1,3690.0,resumed_after_nonverbal
557,wenfei,session_20260416_wenfei_d188c0,with_system,2026-04-16T18:02:24.355457-04:00,gaze_off_screen,2026-04-16T18:02:24.355457-04:00,head_turn_plus_wave,2026-04-16T18:02:26.369874-04:00,2026-04-16T18:02:26.416486-04:00,0,,,,0,,1,2060.0,resumed_after_nonverbal
558,wenfei,session_20260416_wenfei_d188c0,with_system,2026-04-16T18:02:30.654314-04:00,gaze_off_screen,2026-04-16T18:02:30.654314-04:00,head_turn_plus_wave,2026-04-16T18:02:34.539861-04:00,2026-04-16T18:02:34.635110-04:00,0,,,,0,,1,3980.0,resumed_after_nonverbal
559,wenfei,session_20260416_wenfei_d188c0,with_system,2026-04-16T18:03:52.803432-04:00,gaze_off_screen,2026-04-16T18:03:52.803432-04:00,head_turn_plus_wave,2026-04-16T18:03:57.460909-04:00,2026-04-16T18:03:57.503195-04:00,0,,,,0,,1,4700.0,resumed_after_nonverbal
560,wenfei,session_20260416_wenfei_d188c0,with_system,2026-04-16T18:04:49.875213-04:00,gaze_off_screen,2026-04-16T18:04:49.875213-04:00,head_turn_plus_wave,2026-04-16T18:04:55.270406-04:00,2026-04-16T18:04:55.306606-04:00,0,,,,0,,1,5430.0,resumed_after_nonverbal
561,wenfei,session_20260416_wenfei_d188c0,with_system,2026-04-16T18:05:08.174036-04:00,gaze_off_screen,2026-04-16T18:05:08.174036-04:00,head_turn_plus_wave,2026-04-16T18:05:11.752394-04:00,2026-04-16T18:05:11.785515-04:00,0,,,,0,,1,3610.0,resumed_after_nonverbal
562,wenfei,session_20260416_wenfei_d188c0,with_system,2026-04-16T18:05:15.079773-04:00,gaze_off_screen,2026-04-16T18:05:15.079773-04:00,head_turn_plus_wave,2026-04-16T18:05:24.018484-04:00,2026-04-16T18:05:31.120764-04:00,0,,,,0,,1,16040.0,resumed_after_nonverbal
563,wenfei,session_20260416_wenfei_dd12b1,with_system,2026-04-16T17:30:53.548922-04:00,gaze_off_screen,2026-04-16T17:30:53.548922-04:00,head_turn_plus_wave,2026-04-16T17:31:01.243307-04:00,2026-04-16T17:31:13.509692-04:00,0,,,,0,,1,19960.0,resumed_after_nonverbal
564,wenfei,session_20260416_wenfei_dd12b1,with_system,2026-04-16T17:32:15.524997-04:00,gaze_off_screen,2026-04-16T17:32:15.524997-04:00,head_turn_plus_wave,2026-04-16T17:32:23.255260-04:00,2026-04-16T17:33:47.495574-04:00,1,2026-04-16T17:33:23.827002-04:00,generic,60,1,2026-04-16T17:33:23.827002-04:00,0,91970.0,not_resumed
565,wenfei,session_20260416_wenfei_dd12b1,with_system,2026-04-16T17:34:13.471461-04:00,gaze_off_screen,2026-04-16T17:34:13.471461-04:00,head_turn_plus_wave,2026-04-16T17:34:21.114094-04:00,2026-04-16T17:40:13.475564-04:00,1,2026-04-16T17:35:21.672519-04:00,generic,60,1,2026-04-16T17:35:21.672519-04:00,0,360000.0,not_resumed
566,wenfei,session_20260416_wenfei_dd12b1,with_system,2026-04-16T17:40:47.449483-04:00,gaze_off_screen,2026-04-16T17:40:47.449483-04:00,head_turn_plus_wave,2026-04-16T17:40:55.239458-04:00,2026-04-16T17:41:01.535379-04:00,0,,,,0,,1,14090.0,resumed_after_nonverbal
567,hang4,session_20260417_hang4_2b2a81,with_system,2026-04-17T17:55:39.550159-04:00,gaze_off_screen,2026-04-17T17:55:39.550159-04:00,head_turn_plus_wave,2026-04-17T17:55:47.603587-04:00,2026-04-17T17:55:47.703508-04:00,0,,,,0,,1,8150.0,resumed_after_nonverbal
568,hang5,session_20260417_hang5_8e5d43,with_system,2026-04-17T18:04:36.547904-04:00,gaze_off_screen,2026-04-17T18:04:36.547904-04:00,head_turn_plus_wave,2026-04-17T18:04:44.821749-04:00,2026-04-17T18:05:20.447935-04:00,0,,,,0,,0,43900.0,not_resumed
569,hang,session_20260417_hang_4716d5,with_system,2026-04-17T16:37:06.676574-04:00,gaze_off_screen,2026-04-17T16:37:06.676574-04:00,head_turn_plus_wave,2026-04-17T16:37:14.851323-04:00,2026-04-17T16:38:21.761053-04:00,1,2026-04-17T16:38:15.322663-04:00,generic,60,1,2026-04-17T16:38:15.322663-04:00,0,75080.0,not_resumed
570,wenfei7,session_20260420_wenfei7_c4bdd3,with_system,2026-04-20T20:31:46.317375-04:00,gaze_off_screen,2026-04-20T20:31:46.317375-04:00,head_turn_plus_wave,2026-04-20T20:31:55.154581-04:00,2026-04-20T20:32:20.336506-04:00,0,,,,0,,1,34020.0,resumed_after_nonverbal
571,wenfei8,session_20260420_wenfei8_7f8f47,with_system,2026-04-20T20:47:46.117433-04:00,gaze_off_screen,2026-04-20T20:47:46.117433-04:00,head_turn_plus_wave,2026-04-20T20:47:54.821335-04:00,2026-04-20T20:47:55.029199-04:00,0,,,,0,,1,8910.0,resumed_after_nonverbal
572,wenfei8,session_20260420_wenfei8_7f8f47,with_system,2026-04-20T20:48:02.052955-04:00,gaze_off_screen,2026-04-20T20:48:02.052955-04:00,head_turn_plus_wave,2026-04-20T20:48:04.325767-04:00,2026-04-20T20:48:04.364104-04:00,0,,,,0,,1,2310.0,resumed_after_nonverbal
573,wenfei8,session_20260420_wenfei8_7f8f47,with_system,2026-04-20T20:48:12.429177-04:00,gaze_off_screen,2026-04-20T20:48:12.429177-04:00,head_turn_plus_wave,2026-04-20T20:48:21.033865-04:00,2026-04-20T20:48:24.338513-04:00,0,,,,0,,1,11910.0,resumed_after_nonverbal
574,wenfei9,session_20260420_wenfei9_a71440,with_system,2026-04-20T20:55:32.612800-04:00,gaze_off_screen,2026-04-20T20:55:32.612800-04:00,head_turn_plus_wave,2026-04-20T20:55:39.546302-04:00,2026-04-20T20:55:39.745473-04:00,0,,,,0,,1,7130.0,resumed_after_nonverbal
575,wenfei9,session_20260420_wenfei9_a71440,with_system,2026-04-20T20:55:47.158359-04:00,gaze_off_screen,2026-04-20T20:55:47.158359-04:00,head_turn_plus_wave,2026-04-20T20:55:51.164635-04:00,2026-04-20T20:55:51.227882-04:00,0,,,,0,,1,4070.0,resumed_after_nonverbal
576,hang3,baseline_20260417_hang3_d3454e,no_system,2026-04-17T17:37:02.024332-04:00,gaze_mind_wandering,,,,2026-04-17T17:37:32.588913-04:00,0,,,,0,,1,30560.0,self_recovered
577,hang3,baseline_20260417_hang3_d3454e,no_system,2026-04-17T17:37:36.471420-04:00,gaze_mind_wandering,,,,2026-04-17T17:37:39.161515-04:00,0,,,,0,,1,2690.0,self_recovered
578,hang3,baseline_20260417_hang3_d3454e,no_system,2026-04-17T17:37:42.658255-04:00,gaze_mind_wandering,,,,2026-04-17T17:37:46.686312-04:00,0,,,,0,,1,4030.0,self_recovered
579,hang3,baseline_20260417_hang3_d3454e,no_system,2026-04-17T17:37:49.621301-04:00,gaze_mind_wandering,,,,2026-04-17T17:37:53.448126-04:00,0,,,,0,,1,3830.0,self_recovered
580,hang3,baseline_20260417_hang3_d3454e,no_system,2026-04-17T17:38:14.924022-04:00,gaze_mind_wandering,,,,2026-04-17T17:38:16.225050-04:00,0,,,,0,,0,1300.0,not_resumed
